pair_id,source_row,pair_position,chapter,question,reference_answer,true_rank,true_pair_similarity,top1_pair_id,top1_chapter,top1_score,top2_pair_id,top2_chapter,top2_score,top3_pair_id,top3_chapter,top3_score,top4_pair_id,top4_chapter,top4_score,top5_pair_id,top5_chapter,top5_score
QA001,0,1,1.1 Computing from Inception to Today,What are the key companies that have played a significant role in the evolution of computing?,"IBM, Hewlett Packard, Xerox, Apple, and Microsoft.",1,0.8808184862136841,QA001,1.1 Computing from Inception to Today,0.8808184862136841,QA003,1.1 Computing from Inception to Today,0.5315670967102051,QA005,1.1 Computing from Inception to Today,0.5180031657218933,QA002,1.1 Computing from Inception to Today,0.4695735573768616,QA013,"1.3 The Internet, Cloud Computing, and the Internet of Things",0.4370795488357544
QA002,0,2,1.1 Computing from Inception to Today,How did computers become available to the average consumer?,The microprocessor revolutionized the way computers were used.,1,0.7909306287765503,QA002,1.1 Computing from Inception to Today,0.7909306287765503,QA014,"1.3 The Internet, Cloud Computing, and the Internet of Things",0.4832075834274292,QA001,1.1 Computing from Inception to Today,0.4630471467971802,QA005,1.1 Computing from Inception to Today,0.4071727693080902,QA013,"1.3 The Internet, Cloud Computing, and the Internet of Things",0.40450942516326904
QA003,0,3,1.1 Computing from Inception to Today,What are the key technologies in computing?,"Mobile devices, digital imaging, and machine learning.",1,0.7871537208557129,QA003,1.1 Computing from Inception to Today,0.7871537208557129,QA001,1.1 Computing from Inception to Today,0.5759155750274658,QA005,1.1 Computing from Inception to Today,0.5412849187850952,QA206,2.6 Collaboration,0.4199192523956299,QA007,1.2 Computer Hardware and Networks,0.4041157364845276
QA004,0,4,1.1 Computing from Inception to Today,How do advances in technology affect nearly every industry?,"Rapid technological change has distinct career implications, as it allows for the use of new technologies and skills in nearly every industry.",1,0.7967108488082886,QA004,1.1 Computing from Inception to Today,0.7967108488082886,QA006,1.1 Computing from Inception to Today,0.5746469497680664,QA005,1.1 Computing from Inception to Today,0.48339152336120605,QA001,1.1 Computing from Inception to Today,0.4775341749191284,QA002,1.1 Computing from Inception to Today,0.41172271966934204
QA005,0,5,1.1 Computing from Inception to Today,What are the benefits of computing technology?,"Computing technology increases efficiencies, decreases errors, opens new opportunities, and enhances business-customer relationships.",1,0.8483177423477173,QA005,1.1 Computing from Inception to Today,0.8483177423477173,QA016,"1.3 The Internet, Cloud Computing, and the Internet of Things",0.5860333442687988,QA003,1.1 Computing from Inception to Today,0.5662379264831543,QA015,"1.3 The Internet, Cloud Computing, and the Internet of Things",0.47168856859207153,QA406,8.2 Common Content Management Systems,0.46940118074417114
QA006,0,6,1.1 Computing from Inception to Today,What are the career implications of rapid technological change?,"Rapid technological change can lead to increased job opportunities and the ability to adapt to new technologies, which can lead to advancements in careers.",1,0.8879526257514954,QA006,1.1 Computing from Inception to Today,0.8879526257514954,QA004,1.1 Computing from Inception to Today,0.8019883632659912,QA005,1.1 Computing from Inception to Today,0.4601326286792755,QA003,1.1 Computing from Inception to Today,0.3772312104701996,QA001,1.1 Computing from Inception to Today,0.3501020669937134
QA007,1,1,1.2 Computer Hardware and Networks,What are the hardware components that make up a computer?,"The hardware components that make up a computer are the motherboard, CPU, microprocessor, and memory, as well as the keyboard, mouse, and other peripheral devices.",1,0.8011908531188965,QA007,1.2 Computer Hardware and Networks,0.8011908531188965,QA010,1.2 Computer Hardware and Networks,0.41562557220458984,QA003,1.1 Computing from Inception to Today,0.3745265007019043,QA001,1.1 Computing from Inception to Today,0.34526053071022034,QA002,1.1 Computing from Inception to Today,0.3431473672389984
QA008,1,2,1.2 Computer Hardware and Networks,What is the information processing cycle?,"Computers process and store data through the information processing cycle, which includes input, storage, processing, and output.",1,0.7901493310928345,QA008,1.2 Computer Hardware and Networks,0.7901493310928345,QA003,1.1 Computing from Inception to Today,0.42833685874938965,QA399,8.1 What Are Content Management Systems?,0.39975520968437195,QA402,8.1 What Are Content Management Systems?,0.3382055163383484,QA002,1.1 Computing from Inception to Today,0.3373570442199707
QA009,1,3,1.2 Computer Hardware and Networks,What are networks and why are they important?,"Networks are connections of two or more computer systems, such as LANs and WANs, that allow for data sharing and communication. They are important because they allow for the distribution of resources and services across a large area.",1,0.8345777988433838,QA009,1.2 Computer Hardware and Networks,0.8345777988433838,QA010,1.2 Computer Hardware and Networks,0.4960710108280182,QA011,"1.3 The Internet, Cloud Computing, and the Internet of Things",0.36698323488235474,QA086,11.5 Data Analysis Charts,0.3181675672531128,QA206,2.6 Collaboration,0.31329649686813354
QA010,1,4,1.2 Computer Hardware and Networks,What are the basic components of a network?,"The basic components of a network include routers, switches, and firewalls. A router is a device that forwards data packets across a network, while a switch is a device that connects devices within a network. A firewall is a security system that controls incoming and outgoing network traffic based on predetermined security rules.",1,0.8289661407470703,QA010,1.2 Computer Hardware and Networks,0.8289661407470703,QA009,1.2 Computer Hardware and Networks,0.5863800048828125,QA405,8.2 Common Content Management Systems,0.4637818932533264,QA007,1.2 Computer Hardware and Networks,0.4355955719947815,QA011,"1.3 The Internet, Cloud Computing, and the Internet of Things",0.31890416145324707
QA011,2,1,"1.3 The Internet, Cloud Computing, and the Internet of Things",What is the origin of the internet?,The internet was initially rooted in government and military applications.,1,0.8005699515342712,QA011,"1.3 The Internet, Cloud Computing, and the Internet of Things",0.8005699515342712,QA012,"1.3 The Internet, Cloud Computing, and the Internet of Things",0.42982935905456543,QA013,"1.3 The Internet, Cloud Computing, and the Internet of Things",0.40204620361328125,QA009,1.2 Computer Hardware and Networks,0.36885514855384827,QA014,"1.3 The Internet, Cloud Computing, and the Internet of Things",0.34563156962394714
QA012,2,2,"1.3 The Internet, Cloud Computing, and the Internet of Things","What is the significance of HTML, URL, and DNS in the internet?","HTML (HyperText Markup Language) is used to create the structure of web pages, URL (Uniform Resource Locator) is used to address the pages on the internet, and DNS (Domain Name System) is used to translate human-friendly domain names into IP addresses.",1,0.8850605487823486,QA012,"1.3 The Internet, Cloud Computing, and the Internet of Things",0.8850605487823486,QA416,8.4 Search Engine Optimization,0.47106146812438965,QA011,"1.3 The Internet, Cloud Computing, and the Internet of Things",0.4473807215690613,QA009,1.2 Computer Hardware and Networks,0.402916818857193,QA413,8.4 Search Engine Optimization,0.3460249900817871
QA013,2,3,"1.3 The Internet, Cloud Computing, and the Internet of Things",What are some examples of applications that have been developed using the internet?,"Applications such as Zoom, Google Docs, and X (Twitter) have enabled new types of interactions between businesses and their customers.",1,0.8705307841300964,QA013,"1.3 The Internet, Cloud Computing, and the Internet of Things",0.8705307841300964,QA184,2.1 Software Basics,0.5062342882156372,QA209,2.6 Collaboration,0.45770490169525146,QA011,"1.3 The Internet, Cloud Computing, and the Internet of Things",0.44007137417793274,QA003,1.1 Computing from Inception to Today,0.4283575117588043
QA014,2,4,"1.3 The Internet, Cloud Computing, and the Internet of Things",How has e-commerce evolved over the years?,"E-commerce has become an efficient way to purchase products and services, not just from companies but also from individuals.",1,0.8762184381484985,QA014,"1.3 The Internet, Cloud Computing, and the Internet of Things",0.8762184381484985,QA013,"1.3 The Internet, Cloud Computing, and the Internet of Things",0.49707791209220886,QA002,1.1 Computing from Inception to Today,0.4104726314544678,QA011,"1.3 The Internet, Cloud Computing, and the Internet of Things",0.3796941936016083,QA001,1.1 Computing from Inception to Today,0.32221323251724243
QA015,2,5,"1.3 The Internet, Cloud Computing, and the Internet of Things",What is cloud computing and why is it important?,Cloud computing refers to storing IT resources on a virtual server rather than on the actual computers where the resources are used.,1,0.8786629438400269,QA015,"1.3 The Internet, Cloud Computing, and the Internet of Things",0.8786629438400269,QA016,"1.3 The Internet, Cloud Computing, and the Internet of Things",0.6676645278930664,QA005,1.1 Computing from Inception to Today,0.513015866279602,QA018,"1.3 The Internet, Cloud Computing, and the Internet of Things",0.4948732852935791,QA190,2.2 Files and Folders,0.45748215913772583
QA016,2,6,"1.3 The Internet, Cloud Computing, and the Internet of Things",How does cloud computing benefit businesses?,"Cloud computing benefits businesses by increasing productivity, saving money, and enabling individuals to access a wide variety of resources.",1,0.8590682148933411,QA016,"1.3 The Internet, Cloud Computing, and the Internet of Things",0.8590682148933411,QA015,"1.3 The Internet, Cloud Computing, and the Internet of Things",0.6442411541938782,QA005,1.1 Computing from Inception to Today,0.6001847982406616,QA018,"1.3 The Internet, Cloud Computing, and the Internet of Things",0.455895334482193,QA115,13.1 What Is a Database?,0.44301289319992065
QA017,2,7,"1.3 The Internet, Cloud Computing, and the Internet of Things",What is the Internet of Things and how does it work?,The Internet of Things (IoT) connects the physical to the virtual by enabling devices to connect to the internet and exchange data.,1,0.6909017562866211,QA017,"1.3 The Internet, Cloud Computing, and the Internet of Things",0.6909017562866211,QA019,"1.3 The Internet, Cloud Computing, and the Internet of Things",0.50057053565979,QA011,"1.3 The Internet, Cloud Computing, and the Internet of Things",0.3392774164676666,QA013,"1.3 The Internet, Cloud Computing, and the Internet of Things",0.3330835700035095,QA015,"1.3 The Internet, Cloud Computing, and the Internet of Things",0.32072925567626953
QA018,2,8,"1.3 The Internet, Cloud Computing, and the Internet of Things",What are some examples of resources that can be accessed using cloud computing?,"Examples of resources that can be accessed using cloud computing include media files, documents, and photos.",1,0.8922073841094971,QA018,"1.3 The Internet, Cloud Computing, and the Internet of Things",0.8922073841094971,QA015,"1.3 The Internet, Cloud Computing, and the Internet of Things",0.6071313619613647,QA016,"1.3 The Internet, Cloud Computing, and the Internet of Things",0.5325610637664795,QA190,2.2 Files and Folders,0.5202617645263672,QA013,"1.3 The Internet, Cloud Computing, and the Internet of Things",0.44194334745407104
QA019,2,9,"1.3 The Internet, Cloud Computing, and the Internet of Things",How does the Internet of Things connect the physical to the virtual?,The Internet of Things connects the physical to the virtual by enabling devices to connect to the internet and exchange data.,1,0.85113525390625,QA019,"1.3 The Internet, Cloud Computing, and the Internet of Things",0.85113525390625,QA017,"1.3 The Internet, Cloud Computing, and the Internet of Things",0.7085274457931519,QA011,"1.3 The Internet, Cloud Computing, and the Internet of Things",0.2955784201622009,QA015,"1.3 The Internet, Cloud Computing, and the Internet of Things",0.26445451378822327,QA009,1.2 Computer Hardware and Networks,0.2337510585784912
QA020,3,1,"1.4 Safety, Security, Privacy, and the Ethical Use of Technology",What is the main importance of computer safety and security in a companyâs operations?,The main importance of computer safety and security in a companyâs operations is to protect the company's assets and maintain the confidentiality of its information.,1,0.8048890829086304,QA020,"1.4 Safety, Security, Privacy, and the Ethical Use of Technology",0.8048890829086304,QA022,"1.4 Safety, Security, Privacy, and the Ethical Use of Technology",0.5425580143928528,QA023,"1.4 Safety, Security, Privacy, and the Ethical Use of Technology",0.522235095500946,QA021,"1.4 Safety, Security, Privacy, and the Ethical Use of Technology",0.43976104259490967,QA187,2.1 Software Basics,0.39094415307044983
QA021,3,2,"1.4 Safety, Security, Privacy, and the Ethical Use of Technology",What are some common security issues in the digital world?,"Some common security issues in the digital world include data and identity theft, cybercrime, phishing, and hacking.",1,0.8374122381210327,QA021,"1.4 Safety, Security, Privacy, and the Ethical Use of Technology",0.8374122381210327,QA022,"1.4 Safety, Security, Privacy, and the Ethical Use of Technology",0.5372421145439148,QA023,"1.4 Safety, Security, Privacy, and the Ethical Use of Technology",0.43700873851776123,QA003,1.1 Computing from Inception to Today,0.38269156217575073,QA013,"1.3 The Internet, Cloud Computing, and the Internet of Things",0.38241010904312134
QA022,3,3,"1.4 Safety, Security, Privacy, and the Ethical Use of Technology",What are some measures that can prevent computer security breaches?,"Some measures that can prevent computer security breaches include encryption, firewalls, password management, data erasure, and data masking.",1,0.8789812922477722,QA022,"1.4 Safety, Security, Privacy, and the Ethical Use of Technology",0.8789812922477722,QA021,"1.4 Safety, Security, Privacy, and the Ethical Use of Technology",0.4978886842727661,QA020,"1.4 Safety, Security, Privacy, and the Ethical Use of Technology",0.469409704208374,QA023,"1.4 Safety, Security, Privacy, and the Ethical Use of Technology",0.3348985016345978,QA001,1.1 Computing from Inception to Today,0.24650701880455017
QA023,3,4,"1.4 Safety, Security, Privacy, and the Ethical Use of Technology","What is the main focus of corporate efforts to maintain the trust of employees, the public, and stakeholders in the digital world?","The main focus of corporate efforts to maintain the trust of employees, the public, and stakeholders in the digital world is to protect their personal and organizational information from potential threats.",1,0.8897271156311035,QA023,"1.4 Safety, Security, Privacy, and the Ethical Use of Technology",0.8897271156311035,QA401,8.1 What Are Content Management Systems?,0.36266863346099854,QA021,"1.4 Safety, Security, Privacy, and the Ethical Use of Technology",0.3609715402126312,QA020,"1.4 Safety, Security, Privacy, and the Ethical Use of Technology",0.3438398540019989,QA425,8.5 Social Media in Business,0.3432018756866455
QA024,4,1,10.1 Data Tables and Ranges,What is the purpose of data tables in Excel?,"The purpose of data tables in Excel is to automatically generate multiple possible scenarios, which can be used to predict future outcomes, such as revenues, unit sales projections, installment payments, interest rate changes, and many other variables.",1,0.9011566042900085,QA024,10.1 Data Tables and Ranges,0.9011566042900085,QA063,"11.1 Understanding Data, Data Validation, and Data Tables",0.8717280030250549,QA064,"11.1 Understanding Data, Data Validation, and Data Tables",0.8098001480102539,QA028,10.1 Data Tables and Ranges,0.710561990737915,QA065,11.2 Statistical Functions,0.6941680312156677
QA025,4,2,10.1 Data Tables and Ranges,What is the difference between a data range and a data table?,"A data range is a set of cells in Excel that have been given a name, allowing the user to use the given name of the data range instead of cell references. A data table, on the other hand, is a set of data ranges that are organized in a way that makes it easy to compare different sets of data.",1,0.8868930339813232,QA025,10.1 Data Tables and Ranges,0.8868930339813232,QA024,10.1 Data Tables and Ranges,0.5813763737678528,QA063,"11.1 Understanding Data, Data Validation, and Data Tables",0.56524658203125,QA064,"11.1 Understanding Data, Data Validation, and Data Tables",0.5291492938995361,QA028,10.1 Data Tables and Ranges,0.5039104223251343
QA026,4,3,10.1 Data Tables and Ranges,What is an array in Excel and how does it simplify the complexity of huge worksheets?,An array in Excel is a set of cells that are grouped together and can be used to perform calculations on multiple cells at once. This is done by entering an array formula in one cell and then copying or filling it down or across to apply the formula to all the cells in the array. The advantage of using arrays is that they simplify the complexity of huge worksheets by allowing the user to autofill and compute multiple calculations simultaneously.,1,0.9333922266960144,QA026,10.1 Data Tables and Ranges,0.9333922266960144,QA032,10.2 More About Formulas,0.7217137813568115,QA038,10.2 More About Formulas,0.6687600612640381,QA438,9.2 Text and Numbers in Microsoft Excel,0.6163595914840698,QA433,9.1 Microsoft Excel Basics,0.6011353731155396
QA027,4,4,10.1 Data Tables and Ranges,How can data tables be used for predicting future outcomes?,Data tables can be used for predicting future outcomes by creating a table of scenarios based on the current state of the business. These scenarios can then be used to make predictions about future outcomes based on the current state of the business.,1,0.8867229223251343,QA027,10.1 Data Tables and Ranges,0.8867229223251343,QA024,10.1 Data Tables and Ranges,0.6394593715667725,QA028,10.1 Data Tables and Ranges,0.622570276260376,QA063,"11.1 Understanding Data, Data Validation, and Data Tables",0.4715588092803955,QA064,"11.1 Understanding Data, Data Validation, and Data Tables",0.4225715100765228
QA028,4,5,10.1 Data Tables and Ranges,What are some practical applications of data tables in business management?,"Data tables in business management have numerous practical applications. For example, they can be used to predict future revenues based on current sales trends, to plan for future installment payments based on current creditworthiness, or to monitor the performance of different products or services over time. They can also be used to compare the performance of different business strategies or policies.",1,0.9333173632621765,QA028,10.1 Data Tables and Ranges,0.9333173632621765,QA024,10.1 Data Tables and Ranges,0.6717149019241333,QA027,10.1 Data Tables and Ranges,0.6520466804504395,QA118,13.1 What Is a Database?,0.6429018974304199,QA064,"11.1 Understanding Data, Data Validation, and Data Tables",0.604692280292511
QA029,5,1,10.2 More About Formulas,What is the purpose of spreadsheets in businesses?,Businesses need spreadsheets to handle datasets that are updated every minute with information.,1,0.8684136867523193,QA029,10.2 More About Formulas,0.8684136867523193,QA429,9.1 Microsoft Excel Basics,0.7016191482543945,QA438,9.2 Text and Numbers in Microsoft Excel,0.671959400177002,QA104,12.3 Integrating Microsoft Excel and Accounting Programs,0.6191873550415039,QA024,10.1 Data Tables and Ranges,0.6077750325202942
QA030,5,2,10.2 More About Formulas,What are the three types of cell references in Excel?,"The three types of cell references in Excel are relative, absolute, and mixed.",1,0.8419762849807739,QA030,10.2 More About Formulas,0.8419762849807739,QA035,10.2 More About Formulas,0.5337138772010803,QA041,"10.3 Using Arithmetic, Statistical, and Logical Functions",0.511042594909668,QA048,10.5 Auditing Formulas and Fixing Errors,0.5105500221252441,QA475,9.7 Calculations and Basic Formulas in Google Sheets,0.49856695532798767
QA031,5,3,10.2 More About Formulas,What is the acronym PEMDAS and how is it used in Excel formulas?,"PEMDAS stands for Parentheses, Exponents, Multiplication and Division (from left to right), Addition and Subtraction (from left to right). It is used in Excel formulas to follow the order of operations.",1,0.9252487421035767,QA031,10.2 More About Formulas,0.9252487421035767,QA443,9.3 Calculations and Basic Formulas in Microsoft Excel,0.4960075914859772,QA082,11.4 PivotTables/Charts,0.4362499713897705,QA032,10.2 More About Formulas,0.4326332211494446,QA083,11.4 PivotTables/Charts,0.4271022081375122
QA032,5,4,10.2 More About Formulas,What are array formulas and how are they used in Excel?,Array formulas are used in Excel to perform calculations on an array of values.,1,0.9298656582832336,QA032,10.2 More About Formulas,0.9298656582832336,QA038,10.2 More About Formulas,0.7907675504684448,QA026,10.1 Data Tables and Ranges,0.7371479272842407,QA443,9.3 Calculations and Basic Formulas in Microsoft Excel,0.649909257888794,QA433,9.1 Microsoft Excel Basics,0.5381896495819092
QA033,5,5,10.2 More About Formulas,What are comparison operators and how are they used in Excel?,Comparison operators are math inequalities used in Excel formulas. They use logical operators like the IF function to make your workbook pull information for you.,1,0.9122381210327148,QA033,10.2 More About Formulas,0.9122381210327148,QA036,10.2 More About Formulas,0.8863497972488403,QA034,10.2 More About Formulas,0.543534517288208,QA041,"10.3 Using Arithmetic, Statistical, and Logical Functions",0.539124608039856,QA475,9.7 Calculations and Basic Formulas in Google Sheets,0.5334376096725464
QA034,5,6,10.2 More About Formulas,What is the purpose of IF function in Excel?,The IF function in Excel is used to make decisions based on conditions you specify.,1,0.9243385791778564,QA034,10.2 More About Formulas,0.9243385791778564,QA041,"10.3 Using Arithmetic, Statistical, and Logical Functions",0.6953246593475342,QA036,10.2 More About Formulas,0.6820534467697144,QA444,9.3 Calculations and Basic Formulas in Microsoft Excel,0.6349128484725952,QA065,11.2 Statistical Functions,0.61415696144104
QA035,5,7,10.2 More About Formulas,"What is the difference between relative, absolute, and mixed cell references?","Relative cell references are when a cell copies its links to other cells relative to where it is located. Absolute cell references lock a reference to a specific cell, row, or column. Mixed cell references use both.",1,0.8871674537658691,QA035,10.2 More About Formulas,0.8871674537658691,QA030,10.2 More About Formulas,0.7550384998321533,QA475,9.7 Calculations and Basic Formulas in Google Sheets,0.34770357608795166,QA036,10.2 More About Formulas,0.3412429690361023,QA457,9.4 Formatting and Templates in Microsoft Excel,0.3260341286659241
QA036,5,8,10.2 More About Formulas,What is the purpose of comparison operators in Excel?,The purpose of comparison operators in Excel is to compare values and make decisions based on those comparisons.,1,0.9373035430908203,QA036,10.2 More About Formulas,0.9373035430908203,QA033,10.2 More About Formulas,0.8454011678695679,QA034,10.2 More About Formulas,0.6107183694839478,QA041,"10.3 Using Arithmetic, Statistical, and Logical Functions",0.5185649394989014,QA461,9.4 Formatting and Templates in Microsoft Excel,0.5149917602539062
QA037,5,9,10.2 More About Formulas,What is the difference between complex equations and complex formulas in Excel?,Complex equations are equations that involve more than one variable and can be solved using complex formulas in Excel.,1,0.9099633693695068,QA037,10.2 More About Formulas,0.9099633693695068,QA038,10.2 More About Formulas,0.7786189913749695,QA443,9.3 Calculations and Basic Formulas in Microsoft Excel,0.5910784006118774,QA445,9.3 Calculations and Basic Formulas in Microsoft Excel,0.5706375241279602,QA032,10.2 More About Formulas,0.5617050528526306
QA038,5,10,10.2 More About Formulas,How are array formulas used to solve complex equations in Excel?,Array formulas in Excel are used to solve complex equations by performing calculations on an array of values.,1,0.9463031888008118,QA038,10.2 More About Formulas,0.9463031888008118,QA032,10.2 More About Formulas,0.761985719203949,QA037,10.2 More About Formulas,0.6973598003387451,QA026,10.1 Data Tables and Ranges,0.6609863042831421,QA443,9.3 Calculations and Basic Formulas in Microsoft Excel,0.5420777201652527
QA039,6,1,"10.3 Using Arithmetic, Statistical, and Logical Functions",What are the arithmetic functions in Excel?,"Arithmetic functions in Excel include ADD, DIVIDE, MULTIPLY, SUBTRACT, and others.",1,0.892910361289978,QA039,"10.3 Using Arithmetic, Statistical, and Logical Functions",0.892910361289978,QA475,9.7 Calculations and Basic Formulas in Google Sheets,0.6910010576248169,QA444,9.3 Calculations and Basic Formulas in Microsoft Excel,0.6871435642242432,QA476,9.7 Calculations and Basic Formulas in Google Sheets,0.6777660846710205,QA041,"10.3 Using Arithmetic, Statistical, and Logical Functions",0.6193269491195679
QA040,6,2,"10.3 Using Arithmetic, Statistical, and Logical Functions",What are the statistical functions in Excel?,"Statistical functions in Excel include AVERAGE, COUNT, MAX, MIN, MEDIAN, MODE, STDEV, and others.",1,0.8328441381454468,QA040,"10.3 Using Arithmetic, Statistical, and Logical Functions",0.8328441381454468,QA065,11.2 Statistical Functions,0.7940608263015747,QA475,9.7 Calculations and Basic Formulas in Google Sheets,0.6841191649436951,QA444,9.3 Calculations and Basic Formulas in Microsoft Excel,0.6683510541915894,QA039,"10.3 Using Arithmetic, Statistical, and Logical Functions",0.6426223516464233
QA041,6,3,"10.3 Using Arithmetic, Statistical, and Logical Functions",What are the logical functions in Excel?,"Logical functions in Excel include AND, IF, IFERROR, NOT, OR, and others.",1,0.8962053060531616,QA041,"10.3 Using Arithmetic, Statistical, and Logical Functions",0.8962053060531616,QA444,9.3 Calculations and Basic Formulas in Microsoft Excel,0.7223475575447083,QA034,10.2 More About Formulas,0.6765432953834534,QA039,"10.3 Using Arithmetic, Statistical, and Logical Functions",0.6440464854240417,QA475,9.7 Calculations and Basic Formulas in Google Sheets,0.6216345429420471
QA042,7,1,10.4 PivotTables,What is the purpose of a PivotTable?,The purpose of a PivotTable is to summarize and analyze data in a dataset.,1,0.8208715915679932,QA042,10.4 PivotTables,0.8208715915679932,QA043,10.4 PivotTables,0.672909140586853,QA078,11.4 PivotTables/Charts,0.6530184745788574,QA044,10.4 PivotTables,0.5986837148666382,QA080,11.4 PivotTables/Charts,0.5888392925262451
QA043,7,2,10.4 PivotTables,How can a PivotTable help with data organization and cleaning?,"A PivotTable can help with data organization and cleaning by organizing data into rows, columns, and cells, and calculating summary statistics.",1,0.8700714111328125,QA043,10.4 PivotTables,0.8700714111328125,QA042,10.4 PivotTables,0.6612170934677124,QA044,10.4 PivotTables,0.6013978719711304,QA078,11.4 PivotTables/Charts,0.5569136738777161,QA045,10.4 PivotTables,0.5043884515762329
QA044,7,3,10.4 PivotTables,What are some features of a PivotTable that make it malleable?,Some features of a PivotTable that make it malleable include the ability to rearrange the variables in different ways to generate entirely different data highlights.,1,0.8746997117996216,QA044,10.4 PivotTables,0.8746997117996216,QA043,10.4 PivotTables,0.5697436928749084,QA042,10.4 PivotTables,0.556189775466919,QA045,10.4 PivotTables,0.5219265222549438,QA080,11.4 PivotTables/Charts,0.48213091492652893
QA045,7,4,10.4 PivotTables,What tool can be used to generate visual representations of PivotTables?,A PivotChart can be used to generate visual representations of PivotTables.,1,0.934525728225708,QA045,10.4 PivotTables,0.934525728225708,QA042,10.4 PivotTables,0.5684797763824463,QA043,10.4 PivotTables,0.5519409775733948,QA044,10.4 PivotTables,0.5397963523864746,QA079,11.4 PivotTables/Charts,0.5123252272605896
QA046,7,5,10.4 PivotTables,What is the difference between a PivotTable and a PivotChart?,"The difference between a PivotTable and a PivotChart is that a PivotTable provides summary statistics and data summaries, while a PivotChart provides graphical representations of the data.",1,0.8232690095901489,QA046,10.4 PivotTables,0.8232690095901489,QA042,10.4 PivotTables,0.7154512405395508,QA043,10.4 PivotTables,0.6182100772857666,QA045,10.4 PivotTables,0.6090262532234192,QA078,11.4 PivotTables/Charts,0.5458282232284546
QA047,8,1,10.5 Auditing Formulas and Fixing Errors,What is the purpose of auditing formulas in Excel?,The purpose of auditing formulas in Excel is to ensure that the formulas are correctly written and are producing the expected results.,1,0.9045247435569763,QA047,10.5 Auditing Formulas and Fixing Errors,0.9045247435569763,QA065,11.2 Statistical Functions,0.6013208627700806,QA104,12.3 Integrating Microsoft Excel and Accounting Programs,0.5956637859344482,QA438,9.2 Text and Numbers in Microsoft Excel,0.5841817855834961,QA442,9.2 Text and Numbers in Microsoft Excel,0.5803956985473633
QA048,8,2,10.5 Auditing Formulas and Fixing Errors,What are the different types of errors that can occur in Excel?,"Errors can occur in a variety of ways, including user error (e.g., entering the wrong value), cell reference errors (e.g., referring to a cell that does not exist), and logical errors (e.g., using an incorrect formula).",1,0.8934048414230347,QA048,10.5 Auditing Formulas and Fixing Errors,0.8934048414230347,QA052,10.5 Auditing Formulas and Fixing Errors,0.620498538017273,QA051,10.5 Auditing Formulas and Fixing Errors,0.5949846506118774,QA041,"10.3 Using Arithmetic, Statistical, and Logical Functions",0.5873789191246033,QA049,10.5 Auditing Formulas and Fixing Errors,0.5108140707015991
QA049,8,3,10.5 Auditing Formulas and Fixing Errors,How can you use the Trace Precedents and Trace Dependents tools in Excel to identify errors?,"You can use the Trace Precedents and Trace Dependents tools in Excel to identify errors by tracing the dependencies and precedents of a cell. If a cell is dependent on another cell and the other cell contains an error, the error will be shown.",1,0.9372349977493286,QA049,10.5 Auditing Formulas and Fixing Errors,0.9372349977493286,QA052,10.5 Auditing Formulas and Fixing Errors,0.5352052450180054,QA048,10.5 Auditing Formulas and Fixing Errors,0.5176234841346741,QA062,"11.1 Understanding Data, Data Validation, and Data Tables",0.4645575284957886,QA051,10.5 Auditing Formulas and Fixing Errors,0.44817954301834106
QA050,8,4,10.5 Auditing Formulas and Fixing Errors,What is the purpose of the Inquire add-in in Excel?,"The purpose of the Inquire add-in in Excel is to provide additional error checking and troubleshooting tools. It can help identify and fix errors in formulas, data validation, and other aspects of Excel.",1,0.9495699405670166,QA050,10.5 Auditing Formulas and Fixing Errors,0.9495699405670166,QA068,11.2 Statistical Functions,0.6144717335700989,QA431,9.1 Microsoft Excel Basics,0.5384891033172607,QA065,11.2 Statistical Functions,0.48475462198257446,QA442,9.2 Text and Numbers in Microsoft Excel,0.450660765171051
QA051,8,5,10.5 Auditing Formulas and Fixing Errors,How can you specify the correct options in Excel settings to enable error checking?,"You can specify the correct options in Excel settings to enable error checking by enabling the ""Show all errors"" option and setting the ""Error Checking Options"" to ""Prompt for correction"".",1,0.8949947357177734,QA051,10.5 Auditing Formulas and Fixing Errors,0.8949947357177734,QA052,10.5 Auditing Formulas and Fixing Errors,0.6491317749023438,QA048,10.5 Auditing Formulas and Fixing Errors,0.6077431440353394,QA041,"10.3 Using Arithmetic, Statistical, and Logical Functions",0.537157416343689,QA062,"11.1 Understanding Data, Data Validation, and Data Tables",0.5124940276145935
QA052,8,6,10.5 Auditing Formulas and Fixing Errors,What is the benefit of knowing all the built-in error-checking tools Excel has to offer?,Knowing all the built-in error-checking tools Excel has to offer can help you identify and fix errors more quickly and accurately. It can also help you understand why an error has occurred.,1,0.9320402145385742,QA052,10.5 Auditing Formulas and Fixing Errors,0.9320402145385742,QA051,10.5 Auditing Formulas and Fixing Errors,0.5770134329795837,QA062,"11.1 Understanding Data, Data Validation, and Data Tables",0.5753063559532166,QA047,10.5 Auditing Formulas and Fixing Errors,0.5711174011230469,QA438,9.2 Text and Numbers in Microsoft Excel,0.5709916949272156
QA053,8,7,10.5 Auditing Formulas and Fixing Errors,What is the free resource for learning Excel formula and information contained in a cell?,The free resource for learning Excel formula and information contained in a cell is openstax.org.,1,0.8689524531364441,QA053,10.5 Auditing Formulas and Fixing Errors,0.8689524531364441,QA032,10.2 More About Formulas,0.5280229449272156,QA443,9.3 Calculations and Basic Formulas in Microsoft Excel,0.5225802659988403,QA438,9.2 Text and Numbers in Microsoft Excel,0.5219074487686157,QA082,11.4 PivotTables/Charts,0.5211715698242188
QA054,9,1,10.6 Advanced Formatting Techniques,What is the purpose of using a company-wide branding or style manual in document formatting?,The purpose of using a company-wide branding or style manual in document formatting is to promote professionalism and consistency by ensuring that all documents adhere to a standard format.,1,0.9003371000289917,QA054,10.6 Advanced Formatting Techniques,0.9003371000289917,QA059,10.6 Advanced Formatting Techniques,0.8914480209350586,QA226,3.5 Document Design,0.48157063126564026,QA289,4.6 Managing Long Documents in Google Docs,0.47826504707336426,QA295,5.1 Creating Different Document Types in Microsoft Word,0.47348785400390625
QA055,9,2,10.6 Advanced Formatting Techniques,How does the Themes tool in Excel help to change a formatting scheme throughout an entire workbook?,"The Themes tool in Excel allows you to change a formatting scheme throughout an entire workbook. This can be further adjusted by using the Styles combo-box options, which allows for more specific formatting adjustments.",1,0.9493842124938965,QA055,10.6 Advanced Formatting Techniques,0.9493842124938965,QA056,10.6 Advanced Formatting Techniques,0.5406078696250916,QA058,10.6 Advanced Formatting Techniques,0.5333200693130493,QA470,9.6 Text and Numbers in Google Sheets,0.5321496725082397,QA463,9.4 Formatting and Templates in Microsoft Excel,0.5130877494812012
QA056,9,3,10.6 Advanced Formatting Techniques,What is the Format Painter in Excel used for?,The Format Painter in Excel is used to copy the formatting of a selected range of cells to other cells in the same or different worksheet.,1,0.8701664805412292,QA056,10.6 Advanced Formatting Techniques,0.8701664805412292,QA269,4.3 Managing Long Documents in Microsoft Word,0.7030001878738403,QA289,4.6 Managing Long Documents in Google Docs,0.6399617195129395,QA057,10.6 Advanced Formatting Techniques,0.6365659236907959,QA058,10.6 Advanced Formatting Techniques,0.6226598620414734
QA057,9,4,10.6 Advanced Formatting Techniques,What is the Paste Special method in Excel used for?,The Paste Special method in Excel is used to paste data with different formatting than the original source. This can be used to copy formatting from one range of cells to another.,1,0.896522045135498,QA057,10.6 Advanced Formatting Techniques,0.896522045135498,QA469,9.6 Text and Numbers in Google Sheets,0.6940913200378418,QA058,10.6 Advanced Formatting Techniques,0.6355178356170654,QA056,10.6 Advanced Formatting Techniques,0.6196475028991699,QA431,9.1 Microsoft Excel Basics,0.5620327591896057
QA058,9,5,10.6 Advanced Formatting Techniques,How does Excel help to save time when copying a format?,"Excel helps to save time when copying a format by allowing you to use the Format Painter or the Paste Special method. These tools allow you to quickly apply the formatting from one range of cells to another, without having to manually apply each formatting setting.",1,0.8904004693031311,QA058,10.6 Advanced Formatting Techniques,0.8904004693031311,QA057,10.6 Advanced Formatting Techniques,0.5865896940231323,QA056,10.6 Advanced Formatting Techniques,0.5665586590766907,QA456,9.4 Formatting and Templates in Microsoft Excel,0.5066251754760742,QA269,4.3 Managing Long Documents in Microsoft Word,0.4970305263996124
QA059,9,6,10.6 Advanced Formatting Techniques,What is the purpose of using a company-wide branding or style manual in document formatting?,"The purpose of using a company-wide branding or style manual in document formatting is to ensure consistency and professionalism, promoting a standard format across all documents.",2,0.8914480209350586,QA054,10.6 Advanced Formatting Techniques,0.9003371000289917,QA059,10.6 Advanced Formatting Techniques,0.8914480209350586,QA226,3.5 Document Design,0.48157063126564026,QA289,4.6 Managing Long Documents in Google Docs,0.47826504707336426,QA295,5.1 Creating Different Document Types in Microsoft Word,0.47348785400390625
QA060,9,7,10.6 Advanced Formatting Techniques,What are the two types of data?,The two types of data are qualitative and quantitative.,1,0.7933722734451294,QA060,10.6 Advanced Formatting Techniques,0.7933722734451294,QA116,13.1 What Is a Database?,0.5811324715614319,QA439,9.2 Text and Numbers in Microsoft Excel,0.5325802564620972,QA084,11.5 Data Analysis Charts,0.5189796686172485,QA110,13.1 What Is a Database?,0.5140129327774048
QA061,10,1,"11.1 Understanding Data, Data Validation, and Data Tables",Name the four levels of measurement.,"The four levels of measurement are nominal, ordinal, interval, and ratio.",1,0.8130521774291992,QA061,"11.1 Understanding Data, Data Validation, and Data Tables",0.8130521774291992,QA060,10.6 Advanced Formatting Techniques,0.27605724334716797,QA110,13.1 What Is a Database?,0.24908709526062012,QA254,4.1 Microsoft Word: Advanced Formatting Features,0.2430582344532013,QA040,"10.3 Using Arithmetic, Statistical, and Logical Functions",0.21971763670444489
QA062,10,2,"11.1 Understanding Data, Data Validation, and Data Tables",What tool in Excel can be used to verify the quality of data in your spreadsheets?,The tool in Excel for verifying the quality of data in your spreadsheets is Data Validation.,1,0.8956682085990906,QA062,"11.1 Understanding Data, Data Validation, and Data Tables",0.8956682085990906,QA052,10.5 Auditing Formulas and Fixing Errors,0.5458545088768005,QA438,9.2 Text and Numbers in Microsoft Excel,0.5388095378875732,QA463,9.4 Formatting and Templates in Microsoft Excel,0.5133744478225708,QA108,12.3 Integrating Microsoft Excel and Accounting Programs,0.4777480959892273
QA063,10,3,"11.1 Understanding Data, Data Validation, and Data Tables",What is the purpose of Excel Data Tables?,The purpose of Excel Data Tables is to format information in a professional manner.,2,0.8755843639373779,QA024,10.1 Data Tables and Ranges,0.8982316255569458,QA063,"11.1 Understanding Data, Data Validation, and Data Tables",0.8755843639373779,QA064,"11.1 Understanding Data, Data Validation, and Data Tables",0.8148729205131531,QA438,9.2 Text and Numbers in Microsoft Excel,0.7295169830322266,QA065,11.2 Statistical Functions,0.7153517603874207
QA064,10,4,"11.1 Understanding Data, Data Validation, and Data Tables",What is the main advantage of using Data Tables in Excel?,"The main advantage of using Data Tables in Excel is that it allows for quick and easy formatting of data, making it easier to understand and present.",1,0.9095146656036377,QA064,"11.1 Understanding Data, Data Validation, and Data Tables",0.9095146656036377,QA024,10.1 Data Tables and Ranges,0.82853102684021,QA063,"11.1 Understanding Data, Data Validation, and Data Tables",0.7993640899658203,QA028,10.1 Data Tables and Ranges,0.7146364450454712,QA438,9.2 Text and Numbers in Microsoft Excel,0.6925989389419556
QA065,11,1,11.2 Statistical Functions,What is the purpose of Excels built-in statistical functions?,The purpose of Excels built-in statistical functions is to provide basic information about a dataset.,1,0.9362616539001465,QA065,11.2 Statistical Functions,0.9362616539001465,QA438,9.2 Text and Numbers in Microsoft Excel,0.698982834815979,QA040,"10.3 Using Arithmetic, Statistical, and Logical Functions",0.6625221967697144,QA024,10.1 Data Tables and Ranges,0.649215042591095,QA063,"11.1 Understanding Data, Data Validation, and Data Tables",0.630792498588562
QA066,11,2,11.2 Statistical Functions,What is the difference between Descriptive Statistics and Regression?,"Descriptive Statistics is a quick way to summarize a dataset by giving you values such as the average, the range, and the maximum number. Regression, on the other hand, is used for forecasting and budgeting.",1,0.8991264700889587,QA066,11.2 Statistical Functions,0.8991264700889587,QA060,10.6 Advanced Formatting Techniques,0.4329460561275482,QA136,13.5 Creating Reports in Microsoft Access,0.4128122925758362,QA417,8.4 Search Engine Optimization,0.3963268995285034,QA092,12.1 Basic Accounting,0.3932657539844513
QA067,11,3,11.2 Statistical Functions,What is the Analysis ToolPak add-in used for in data analysis?,The Analysis ToolPak add-in provides a collection of statistical tools for data analysis such as regression and ANOVA.,1,0.9295696020126343,QA067,11.2 Statistical Functions,0.9295696020126343,QA089,11.5 Data Analysis Charts,0.5938759446144104,QA068,11.2 Statistical Functions,0.49668389558792114,QA078,11.4 PivotTables/Charts,0.47840237617492676,QA050,10.5 Auditing Formulas and Fixing Errors,0.44282251596450806
QA068,11,4,11.2 Statistical Functions,What is the Solver add-in used for in Excel?,The Solver add-in in Excel is used to find optimal solutions given a set of predetermined constraints.,1,0.917108416557312,QA068,11.2 Statistical Functions,0.917108416557312,QA050,10.5 Auditing Formulas and Fixing Errors,0.6108036637306213,QA039,"10.3 Using Arithmetic, Statistical, and Logical Functions",0.566387414932251,QA038,10.2 More About Formulas,0.5280284285545349,QA444,9.3 Calculations and Basic Formulas in Microsoft Excel,0.516546905040741
QA069,11,5,11.2 Statistical Functions,What is the purpose of the MEDIAN function?,The purpose of the MEDIAN function is to provide the middle value of a dataset.,1,0.8691546320915222,QA069,11.2 Statistical Functions,0.8691546320915222,QA479,9.7 Calculations and Basic Formulas in Google Sheets,0.556939959526062,QA040,"10.3 Using Arithmetic, Statistical, and Logical Functions",0.4702393710613251,QA065,11.2 Statistical Functions,0.38683509826660156,QA042,10.4 PivotTables,0.3523649573326111
QA070,12,1,11.3 What-If Analysis,What is the purpose of the Scenario Manager in What-If Analysis?,The Scenario Manager in What-If Analysis is used to investigate the impact of various changes to input cells on target cells.,1,0.9023759365081787,QA070,11.3 What-If Analysis,0.9023759365081787,QA072,11.3 What-If Analysis,0.7257028818130493,QA073,11.3 What-If Analysis,0.7035709619522095,QA076,11.3 What-If Analysis,0.6906357407569885,QA077,11.3 What-If Analysis,0.571404755115509
QA071,12,2,11.3 What-If Analysis,What is the purpose of the Goal Seek function in What-If Analysis?,The Goal Seek function in What-If Analysis is used to set a target value for a cell by changing the values in another cell.,1,0.8930030465126038,QA071,11.3 What-If Analysis,0.8930030465126038,QA074,11.3 What-If Analysis,0.7001953721046448,QA075,11.3 What-If Analysis,0.6731202006340027,QA076,11.3 What-If Analysis,0.5957062244415283,QA034,10.2 More About Formulas,0.42940396070480347
QA072,12,3,11.3 What-If Analysis,How does the Scenario Manager help with decision making?,"The Scenario Manager provides a summary of all scenarios, helping with decision making by providing a clear overview of the impact of various changes.",1,0.8239567279815674,QA072,11.3 What-If Analysis,0.8239567279815674,QA070,11.3 What-If Analysis,0.7163524031639099,QA073,11.3 What-If Analysis,0.6951590776443481,QA076,11.3 What-If Analysis,0.6702257990837097,QA077,11.3 What-If Analysis,0.3461935520172119
QA073,12,4,11.3 What-If Analysis,What is an example of a situation where you would use the Scenario Manager?,An example of a situation where you would use the Scenario Manager is when you need to understand the impact of changes in input cells on target cells.,1,0.8861180543899536,QA073,11.3 What-If Analysis,0.8861180543899536,QA072,11.3 What-If Analysis,0.6935949325561523,QA070,11.3 What-If Analysis,0.678478479385376,QA076,11.3 What-If Analysis,0.5884397625923157,QA074,11.3 What-If Analysis,0.36553388833999634
QA074,12,5,11.3 What-If Analysis,What is an example of a situation where you would use the Goal Seek function?,An example of a situation where you would use the Goal Seek function is when you need to find the value of a cell that will achieve a specific target value.,1,0.8800788521766663,QA074,11.3 What-If Analysis,0.8800788521766663,QA075,11.3 What-If Analysis,0.6218823790550232,QA071,11.3 What-If Analysis,0.6215303540229797,QA076,11.3 What-If Analysis,0.5044617652893066,QA073,11.3 What-If Analysis,0.31401681900024414
QA075,12,6,11.3 What-If Analysis,How does the Goal Seek function change the values in another cell?,The Goal Seek function changes the values in another cell by setting a target value for a cell and adjusting the values in other cells to achieve that target.,1,0.9393857717514038,QA075,11.3 What-If Analysis,0.9393857717514038,QA071,11.3 What-If Analysis,0.7847659587860107,QA074,11.3 What-If Analysis,0.7596572041511536,QA076,11.3 What-If Analysis,0.535076379776001,QA034,10.2 More About Formulas,0.38510215282440186
QA076,12,7,11.3 What-If Analysis,What is the difference between the Scenario Manager and Goal Seek?,"The Scenario Manager and Goal Seek are tools that work together in What-If Analysis. The Scenario Manager provides a summary of all scenarios, while Goal Seek allows for the adjustment of one cell based on the values in other cells.",1,0.879952073097229,QA076,11.3 What-If Analysis,0.879952073097229,QA072,11.3 What-If Analysis,0.6301231384277344,QA073,11.3 What-If Analysis,0.5981724262237549,QA070,11.3 What-If Analysis,0.5853010416030884,QA074,11.3 What-If Analysis,0.5075070858001709
QA077,12,8,11.3 What-If Analysis,What are the advantages of using What-If Analysis?,"The advantages of using What-If Analysis include its ability to simulate different scenarios, understand the impact of changes, and make informed decisions.",1,0.8390546441078186,QA077,11.3 What-If Analysis,0.8390546441078186,QA070,11.3 What-If Analysis,0.5516957640647888,QA034,10.2 More About Formulas,0.5357450842857361,QA036,10.2 More About Formulas,0.4905473589897156,QA071,11.3 What-If Analysis,0.48580214381217957
QA078,13,1,11.4 PivotTables/Charts,What is the purpose of the PivotTable Analyze tab?,"The PivotTable Analyze tab is used to make data analysis and filtering easier by providing tools for filtering data, sorting data, and creating calculated fields.",1,0.9274953603744507,QA078,11.4 PivotTables/Charts,0.9274953603744507,QA042,10.4 PivotTables,0.707364559173584,QA043,10.4 PivotTables,0.6050424575805664,QA083,11.4 PivotTables/Charts,0.5426232218742371,QA080,11.4 PivotTables/Charts,0.5395398736000061
QA079,13,2,11.4 PivotTables/Charts,How can you insert a timeline in a PivotTable?,"You can insert a timeline in a PivotTable by selecting the ""Insert Timeline"" option in the Analyze tab.",1,0.8541843295097351,QA079,11.4 PivotTables/Charts,0.8541843295097351,QA042,10.4 PivotTables,0.5055696964263916,QA045,10.4 PivotTables,0.5014137029647827,QA044,10.4 PivotTables,0.4682890772819519,QA043,10.4 PivotTables,0.45918506383895874
QA080,13,3,11.4 PivotTables/Charts,What are slicers and how are they used in PivotTables and Data Tables?,"Slicers are tools in PivotTables and Data Tables that allow you to filter data with visual buttons. They are used to filter data based on specific criteria, such as date, category, or value.",1,0.9253566265106201,QA080,11.4 PivotTables/Charts,0.9253566265106201,QA042,10.4 PivotTables,0.5591728687286377,QA043,10.4 PivotTables,0.5021950602531433,QA078,11.4 PivotTables/Charts,0.4957733750343323,QA045,10.4 PivotTables,0.47726884484291077
QA081,13,4,11.4 PivotTables/Charts,What is a calculated field and how can it be added to a PivotTable?,"A calculated field is a new field in a PivotTable that is calculated using a formula. It can be added to a PivotTable by selecting the ""Add"" button in the Analyze tab, then selecting ""New Item"" and entering a formula.",1,0.9125027656555176,QA081,11.4 PivotTables/Charts,0.9125027656555176,QA042,10.4 PivotTables,0.5920178294181824,QA083,11.4 PivotTables/Charts,0.5201410055160522,QA078,11.4 PivotTables/Charts,0.5200526118278503,QA082,11.4 PivotTables/Charts,0.5179978609085083
QA082,13,5,11.4 PivotTables/Charts,What is the List Formulas tool and how is it used?,The List Formulas tool creates a separate worksheet that includes all formulas used in the PivotTable. It is a valuable tool when there are multiple users of a single workbook as it allows all users to see the formulas used in the PivotTable.,1,0.8378610610961914,QA082,11.4 PivotTables/Charts,0.8378610610961914,QA083,11.4 PivotTables/Charts,0.8147820234298706,QA443,9.3 Calculations and Basic Formulas in Microsoft Excel,0.5788896083831787,QA032,10.2 More About Formulas,0.54681795835495,QA068,11.2 Statistical Functions,0.464938223361969
QA083,13,6,11.4 PivotTables/Charts,What is the purpose of the List Formulas tool?,"The List Formulas tool provides a list of all formulas used in the PivotTable, making it easier to understand and maintain the formulas used in the PivotTable.",1,0.8645058870315552,QA083,11.4 PivotTables/Charts,0.8645058870315552,QA082,11.4 PivotTables/Charts,0.831372857093811,QA443,9.3 Calculations and Basic Formulas in Microsoft Excel,0.5600634813308716,QA032,10.2 More About Formulas,0.541117787361145,QA065,11.2 Statistical Functions,0.5316842794418335
QA084,14,1,11.5 Data Analysis Charts,What are the different types of charts that can be used to visually present data?,"The different types of charts that can be used to visually present data include bar charts, pie charts, column charts, line graphs, and scatter plots.",1,0.9068735241889954,QA084,11.5 Data Analysis Charts,0.9068735241889954,QA086,11.5 Data Analysis Charts,0.5863968133926392,QA373,6.7 Adding Visuals and Features to Google Slides,0.5389487743377686,QA262,4.2 Working with Graphics and Text Tools in Microsoft Word,0.5322768688201904,QA045,10.4 PivotTables,0.529799222946167
QA085,14,2,11.5 Data Analysis Charts,How can a column chart be used to show comparisons between groups?,A column chart can be used to show comparisons between groups by showing the height of each bar in relation to each other.,1,0.8897013068199158,QA085,11.5 Data Analysis Charts,0.8897013068199158,QA036,10.2 More About Formulas,0.43579891324043274,QA033,10.2 More About Formulas,0.4346054494380951,QA084,11.5 Data Analysis Charts,0.4342402219772339,QA087,11.5 Data Analysis Charts,0.3704911768436432
QA086,14,3,11.5 Data Analysis Charts,What is the purpose of a line chart?,A line chart is useful to show changes over time by plotting a series of data points connected by straight line segments.,1,0.8653571009635925,QA086,11.5 Data Analysis Charts,0.8653571009635925,QA090,11.5 Data Analysis Charts,0.5197243094444275,QA084,11.5 Data Analysis Charts,0.5159540176391602,QA063,"11.1 Understanding Data, Data Validation, and Data Tables",0.4386897087097168,QA461,9.4 Formatting and Templates in Microsoft Excel,0.4200538396835327
QA087,14,4,11.5 Data Analysis Charts,How can scatter plots be used to show the relationship between two variables?,Scatter plots visually show the relationship between two variables by plotting each data item as a coordinate in two-dimensional space.,1,0.9062010049819946,QA087,11.5 Data Analysis Charts,0.9062010049819946,QA084,11.5 Data Analysis Charts,0.41835588216781616,QA085,11.5 Data Analysis Charts,0.3951002061367035,QA086,11.5 Data Analysis Charts,0.3690860867500305,QA373,6.7 Adding Visuals and Features to Google Slides,0.33345359563827515
QA088,14,5,11.5 Data Analysis Charts,What are some ways to create chart templates with company colors or logos?,Chart templates can be created for chart formats you use frequently such as those with company colors or logos by customizing the chart settings.,1,0.8869471549987793,QA088,11.5 Data Analysis Charts,0.8869471549987793,QA084,11.5 Data Analysis Charts,0.4681858420372009,QA462,9.4 Formatting and Templates in Microsoft Excel,0.4391050934791565,QA155,14.3 Customizing Forms,0.3658941388130188,QA045,10.4 PivotTables,0.35165953636169434
QA089,14,6,11.5 Data Analysis Charts,What are the features of the Quick Analysis tool?,"The Quick Analysis tool gives you access to several options such as conditional formatting, adding totals to the rows or columns, or quick links to creating a chart of the data.",1,0.8555482029914856,QA089,11.5 Data Analysis Charts,0.8555482029914856,QA067,11.2 Statistical Functions,0.5851331949234009,QA106,12.3 Integrating Microsoft Excel and Accounting Programs,0.5413886308670044,QA078,11.4 PivotTables/Charts,0.5107666850090027,QA266,4.2 Working with Graphics and Text Tools in Microsoft Word,0.4912804961204529
QA090,14,7,11.5 Data Analysis Charts,How can Sparklines be used to quickly assess trends?,"Sparklines added to your Data Table can be used to quickly assess trends by displaying a small, compact chart within a table cell.",1,0.8512873649597168,QA090,11.5 Data Analysis Charts,0.8512873649597168,QA086,11.5 Data Analysis Charts,0.476876825094223,QA089,11.5 Data Analysis Charts,0.3256899118423462,QA084,11.5 Data Analysis Charts,0.3140251636505127,QA078,11.4 PivotTables/Charts,0.2964645326137543
QA091,15,1,12.1 Basic Accounting,What is the main purpose of accounting?,"The main purpose of accounting is to organize, analyze, and communicate financial information that is used for decision making.",1,0.8507535457611084,QA091,12.1 Basic Accounting,0.8507535457611084,QA093,12.1 Basic Accounting,0.5393955707550049,QA104,12.3 Integrating Microsoft Excel and Accounting Programs,0.5224809646606445,QA105,12.3 Integrating Microsoft Excel and Accounting Programs,0.4700111746788025,QA107,12.3 Integrating Microsoft Excel and Accounting Programs,0.43987298011779785
QA092,15,2,12.1 Basic Accounting,What is the difference between financial and managerial accounting?,"Financial accounting measures performance using financial reports and communicates results to those outside of the organization who may have an interest in the companyâs performance, such as investors and creditors. Managerial accounting uses both financial and nonfinancial information to aid in internal decision making.",1,0.8486051559448242,QA092,12.1 Basic Accounting,0.8486051559448242,QA095,12.1 Basic Accounting,0.5135159492492676,QA093,12.1 Basic Accounting,0.4641849994659424,QA091,12.1 Basic Accounting,0.45264893770217896,QA104,12.3 Integrating Microsoft Excel and Accounting Programs,0.3898674547672272
QA093,15,3,12.1 Basic Accounting,What are the benefits of using financial reports in accounting?,"The benefits of using financial reports in accounting include providing a clear overview of a company's financial health, enabling comparison of different companies, and providing information for decision making.",1,0.8178001642227173,QA093,12.1 Basic Accounting,0.8178001642227173,QA091,12.1 Basic Accounting,0.5411239266395569,QA104,12.3 Integrating Microsoft Excel and Accounting Programs,0.5399503111839294,QA105,12.3 Integrating Microsoft Excel and Accounting Programs,0.5155677795410156,QA134,13.5 Creating Reports in Microsoft Access,0.5126654505729675
QA094,15,4,12.1 Basic Accounting,What is the purpose of communication of results to those outside of the organization?,"The purpose of communication of results to those outside of the organization is to provide transparency and accountability, enabling stakeholders to understand the company's financial performance and make informed decisions.",1,0.8846851587295532,QA094,12.1 Basic Accounting,0.8846851587295532,QA333,6.1 Presentation and Design Essentials,0.5254950523376465,QA334,6.1 Presentation and Design Essentials,0.4016615152359009,QA206,2.6 Collaboration,0.3716580867767334,QA389,7.3 Preparing a Microsoft PowerPoint Collection for Presentation,0.3525949716567993
QA095,15,5,12.1 Basic Accounting,What is an example of non-financial information used in managerial accounting?,An example of non-financial information used in managerial accounting is the use of operational data to help make strategic decisions about a company's operations.,1,0.8788971900939941,QA095,12.1 Basic Accounting,0.8788971900939941,QA439,9.2 Text and Numbers in Microsoft Excel,0.5594209432601929,QA092,12.1 Basic Accounting,0.5578734874725342,QA028,10.1 Data Tables and Ranges,0.455238938331604,QA093,12.1 Basic Accounting,0.43473711609840393
QA096,16,1,12.2 Financial Functions in Microsoft Excel,What is the time value of money theory?,The time value of money theory is the basis of many financial decisions and can be useful in helping decision makers understand the long-term impacts of their choices now.,1,0.805921196937561,QA096,12.2 Financial Functions in Microsoft Excel,0.805921196937561,QA097,12.2 Financial Functions in Microsoft Excel,0.5329502820968628,QA102,12.2 Financial Functions in Microsoft Excel,0.32467955350875854,QA100,12.2 Financial Functions in Microsoft Excel,0.31007683277130127,QA101,12.2 Financial Functions in Microsoft Excel,0.2865411043167114
QA097,16,2,12.2 Financial Functions in Microsoft Excel,What are the time value of money variables?,"The time value of money variables are PV, RATE, NPER, PMT, and FV. They allow you to calculate the time value of money.",1,0.7833901643753052,QA097,12.2 Financial Functions in Microsoft Excel,0.7833901643753052,QA096,12.2 Financial Functions in Microsoft Excel,0.6097221374511719,QA101,12.2 Financial Functions in Microsoft Excel,0.3964422941207886,QA102,12.2 Financial Functions in Microsoft Excel,0.3887344002723694,QA100,12.2 Financial Functions in Microsoft Excel,0.37326788902282715
QA098,16,3,12.2 Financial Functions in Microsoft Excel,What is depreciation and how is it used in business planning?,Depreciation is a mathematical formula that allows business owners to quantify how much value an asset loses over time so that they can plan for replacing the asset.,1,0.9092260599136353,QA098,12.2 Financial Functions in Microsoft Excel,0.9092260599136353,QA300,5.1 Creating Different Document Types in Microsoft Word,0.3342192769050598,QA091,12.1 Basic Accounting,0.3332250714302063,QA105,12.3 Integrating Microsoft Excel and Accounting Programs,0.29725152254104614,QA028,10.1 Data Tables and Ranges,0.28910860419273376
QA099,16,4,12.2 Financial Functions in Microsoft Excel,What is the formula for calculating the present value of an investment?,The formula for calculating the present value of an investment is PV = FV / (1 + RATE) ^ NPER.,1,0.8121995329856873,QA099,12.2 Financial Functions in Microsoft Excel,0.8121995329856873,QA100,12.2 Financial Functions in Microsoft Excel,0.7481129169464111,QA103,12.2 Financial Functions in Microsoft Excel,0.7200834155082703,QA101,12.2 Financial Functions in Microsoft Excel,0.6435539722442627,QA102,12.2 Financial Functions in Microsoft Excel,0.5597509145736694
QA100,16,5,12.2 Financial Functions in Microsoft Excel,What is the formula for calculating the future value of an investment?,The formula for calculating the future value of an investment is FV = PV * (1 + RATE) ^ NPER.,1,0.7857265472412109,QA100,12.2 Financial Functions in Microsoft Excel,0.7857265472412109,QA103,12.2 Financial Functions in Microsoft Excel,0.7307299375534058,QA099,12.2 Financial Functions in Microsoft Excel,0.6720161437988281,QA101,12.2 Financial Functions in Microsoft Excel,0.6702826619148254,QA102,12.2 Financial Functions in Microsoft Excel,0.5486489534378052
QA101,16,6,12.2 Financial Functions in Microsoft Excel,What is the formula for calculating the number of periods required for an investment to reach a certain future value?,The formula for calculating the number of periods required for an investment to reach a certain future value is NPER = LOG(FV / PV) / LOG(1 + RATE).,1,0.8260658383369446,QA101,12.2 Financial Functions in Microsoft Excel,0.8260658383369446,QA102,12.2 Financial Functions in Microsoft Excel,0.619313657283783,QA100,12.2 Financial Functions in Microsoft Excel,0.6140094995498657,QA103,12.2 Financial Functions in Microsoft Excel,0.57924485206604,QA099,12.2 Financial Functions in Microsoft Excel,0.5432504415512085
QA102,16,7,12.2 Financial Functions in Microsoft Excel,What is the formula for calculating the periodic payment on an investment?,The formula for calculating the periodic payment on an investment is PMT = RATE * PV / (1 - (1 + RATE) ^ -NPER).,1,0.8102734088897705,QA102,12.2 Financial Functions in Microsoft Excel,0.8102734088897705,QA101,12.2 Financial Functions in Microsoft Excel,0.6356834173202515,QA100,12.2 Financial Functions in Microsoft Excel,0.567909300327301,QA103,12.2 Financial Functions in Microsoft Excel,0.5418491959571838,QA099,12.2 Financial Functions in Microsoft Excel,0.5240932703018188
QA103,16,8,12.2 Financial Functions in Microsoft Excel,What is the formula for calculating the future value of an investment given a constant rate of return?,The formula for calculating the future value of an investment given a constant rate of return is FV = PV * (1 + RATE) ^ NPER.,1,0.8284663558006287,QA103,12.2 Financial Functions in Microsoft Excel,0.8284663558006287,QA100,12.2 Financial Functions in Microsoft Excel,0.751667320728302,QA099,12.2 Financial Functions in Microsoft Excel,0.6818874478340149,QA101,12.2 Financial Functions in Microsoft Excel,0.6317181587219238,QA102,12.2 Financial Functions in Microsoft Excel,0.538076639175415
QA104,17,1,12.3 Integrating Microsoft Excel and Accounting Programs,What is the main advantage of using Excel over accounting software programs?,Excel's extensive data analysis capabilities meet the needs of managerial accounting.,1,0.8958853483200073,QA104,12.3 Integrating Microsoft Excel and Accounting Programs,0.8958853483200073,QA105,12.3 Integrating Microsoft Excel and Accounting Programs,0.8520720601081848,QA108,12.3 Integrating Microsoft Excel and Accounting Programs,0.7921477556228638,QA438,9.2 Text and Numbers in Microsoft Excel,0.6793389916419983,QA064,"11.1 Understanding Data, Data Validation, and Data Tables",0.6599771976470947
QA105,17,2,12.3 Integrating Microsoft Excel and Accounting Programs,What is the main disadvantage of using Excel over accounting software programs?,Accounting software programs can better keep track of revenues and expenditures and do so automatically and following IRS rules.,1,0.8972914218902588,QA105,12.3 Integrating Microsoft Excel and Accounting Programs,0.8972914218902588,QA104,12.3 Integrating Microsoft Excel and Accounting Programs,0.8449652194976807,QA108,12.3 Integrating Microsoft Excel and Accounting Programs,0.7331667542457581,QA064,"11.1 Understanding Data, Data Validation, and Data Tables",0.6161471009254456,QA438,9.2 Text and Numbers in Microsoft Excel,0.6150840520858765
QA106,17,3,12.3 Integrating Microsoft Excel and Accounting Programs,What is QuickBooks and what is its main advantage over other accounting software?,"QuickBooks is an accounting software suite. It is a different kind of software from Excel, and it has its advantage of being able to better keep track of revenues and expenditures and do so automatically and following IRS rules.",1,0.924953281879425,QA106,12.3 Integrating Microsoft Excel and Accounting Programs,0.924953281879425,QA089,11.5 Data Analysis Charts,0.5951884984970093,QA104,12.3 Integrating Microsoft Excel and Accounting Programs,0.5678070783615112,QA105,12.3 Integrating Microsoft Excel and Accounting Programs,0.5656104683876038,QA108,12.3 Integrating Microsoft Excel and Accounting Programs,0.5493839979171753
QA107,17,4,12.3 Integrating Microsoft Excel and Accounting Programs,What is the main reason why accounting software programs do not do well in data analysis?,"Accounting software programs do not do well in data analysis, because the database is designed to be for financial analysis.",1,0.9109448194503784,QA107,12.3 Integrating Microsoft Excel and Accounting Programs,0.9109448194503784,QA104,12.3 Integrating Microsoft Excel and Accounting Programs,0.6965742111206055,QA105,12.3 Integrating Microsoft Excel and Accounting Programs,0.6723382472991943,QA108,12.3 Integrating Microsoft Excel and Accounting Programs,0.6623837947845459,QA028,10.1 Data Tables and Ranges,0.4728233516216278
QA108,17,5,12.3 Integrating Microsoft Excel and Accounting Programs,How does Excel integrate well with accounting software programs?,"Excel integrates well with accounting software programs by allowing for data to be exported from the program to an Excel file, then used in Excel to further analyze the data.",1,0.8941468000411987,QA108,12.3 Integrating Microsoft Excel and Accounting Programs,0.8941468000411987,QA104,12.3 Integrating Microsoft Excel and Accounting Programs,0.8229525089263916,QA105,12.3 Integrating Microsoft Excel and Accounting Programs,0.7752942442893982,QA438,9.2 Text and Numbers in Microsoft Excel,0.6651818156242371,QA430,9.1 Microsoft Excel Basics,0.6024646759033203
QA109,18,1,13.1 What Is a Database?,What is a database?,"A database is a storage area for data, small bits of information that are collected all around us.",1,0.8673389554023743,QA109,13.1 What Is a Database?,0.8673389554023743,QA130,13.4 Maintaining Records in a Database,0.7123385071754456,QA131,13.4 Maintaining Records in a Database,0.645586371421814,QA139,13.6 Creating Forms in Microsoft Access,0.6020288467407227,QA118,13.1 What Is a Database?,0.589930534362793
QA110,18,2,13.1 What Is a Database?,What are the two types of databases mentioned in the chapter?,The two types of databases mentioned in the chapter are production systems and analytical systems.,1,0.8506957292556763,QA110,13.1 What Is a Database?,0.8506957292556763,QA111,13.1 What Is a Database?,0.6032284498214722,QA109,13.1 What Is a Database?,0.576519250869751,QA120,13.2 Microsoft Access: Main Features and Navigation,0.5430402755737305,QA117,13.1 What Is a Database?,0.5221239328384399
QA111,18,3,13.1 What Is a Database?,What are the objects that databases consist of?,"The objects that databases consist of include tables, queries, forms, and reports.",1,0.7950034737586975,QA111,13.1 What Is a Database?,0.7950034737586975,QA109,13.1 What Is a Database?,0.6453245878219604,QA120,13.2 Microsoft Access: Main Features and Navigation,0.6378962993621826,QA116,13.1 What Is a Database?,0.6085819005966187,QA110,13.1 What Is a Database?,0.6080039739608765
QA112,18,4,13.1 What Is a Database?,What are the two types of transactions that are necessary for an organization?,The two types of transactions that are necessary for an organization are production transactions and analytical transactions.,1,0.816024899482727,QA112,13.1 What Is a Database?,0.816024899482727,QA095,12.1 Basic Accounting,0.43647587299346924,QA110,13.1 What Is a Database?,0.4120241403579712,QA317,5.4 Creating Different Document Types in Google Docs,0.34957653284072876,QA399,8.1 What Are Content Management Systems?,0.34323278069496155
QA113,18,5,13.1 What Is a Database?,What is the purpose of analytical systems in organizations?,The purpose of analytical systems in organizations is to store historical data that can be analyzed and used for business intelligence.,1,0.8677411079406738,QA113,13.1 What Is a Database?,0.8677411079406738,QA114,13.1 What Is a Database?,0.5643669366836548,QA170,14.6 Data Analysis and Integration,0.4772554636001587,QA112,13.1 What Is a Database?,0.476182758808136,QA167,14.6 Data Analysis and Integration,0.475284218788147
QA114,18,6,13.1 What Is a Database?,What is the difference between production systems and analytical systems?,"The difference between production systems and analytical systems is that production systems run and store the transactions necessary for the organization itself, while analytical systems store historical data.",1,0.864932119846344,QA114,13.1 What Is a Database?,0.864932119846344,QA113,13.1 What Is a Database?,0.6194373369216919,QA110,13.1 What Is a Database?,0.5786798000335693,QA112,13.1 What Is a Database?,0.49065884947776794,QA439,9.2 Text and Numbers in Microsoft Excel,0.32569074630737305
QA115,18,7,13.1 What Is a Database?,What are the benefits of using databases in organizations?,"The benefits of using databases in organizations include improved data management, increased data sharing, and enhanced decision-making capabilities.",1,0.8442127704620361,QA115,13.1 What Is a Database?,0.8442127704620361,QA118,13.1 What Is a Database?,0.6903262138366699,QA130,13.4 Maintaining Records in a Database,0.6276659369468689,QA028,10.1 Data Tables and Ranges,0.6040228605270386,QA132,13.4 Maintaining Records in a Database,0.5562602281570435
QA116,18,8,13.1 What Is a Database?,What are some examples of data that can be stored in a database?,"Some examples of data that can be stored in a database include customer information, sales data, and product data.",1,0.8640183210372925,QA116,13.1 What Is a Database?,0.8640183210372925,QA109,13.1 What Is a Database?,0.6672793626785278,QA118,13.1 What Is a Database?,0.5865576267242432,QA028,10.1 Data Tables and Ranges,0.5858660936355591,QA439,9.2 Text and Numbers in Microsoft Excel,0.5662398338317871
QA117,18,9,13.1 What Is a Database?,"What is the role of queries, forms, and reports in a database?","The role of queries, forms, and reports in a database is to allow users to manipulate and analyze the data stored in the database.",1,0.8932706713676453,QA117,13.1 What Is a Database?,0.8932706713676453,QA139,13.6 Creating Forms in Microsoft Access,0.6933975219726562,QA111,13.1 What Is a Database?,0.5991435050964355,QA130,13.4 Maintaining Records in a Database,0.5835351943969727,QA147,14.2 Multiple Table Forms,0.5562889575958252
QA118,18,10,13.1 What Is a Database?,How can databases be used for applications within a business?,"Databases can be used for applications within a business to improve data management, increase data sharing, and enhance decision-making capabilities.",1,0.9055248498916626,QA118,13.1 What Is a Database?,0.9055248498916626,QA028,10.1 Data Tables and Ranges,0.6189244389533997,QA116,13.1 What Is a Database?,0.5863304734230042,QA115,13.1 What Is a Database?,0.5686781406402588,QA109,13.1 What Is a Database?,0.5476915836334229
QA119,19,1,13.2 Microsoft Access: Main Features and Navigation,What is the main difference between Access and other database management systems?,Access is a relational database management system that can work with other systems.,1,0.8969425559043884,QA119,13.2 Microsoft Access: Main Features and Navigation,0.8969425559043884,QA122,13.3 Querying a Database,0.7233487367630005,QA120,13.2 Microsoft Access: Main Features and Navigation,0.6756231784820557,QA121,13.2 Microsoft Access: Main Features and Navigation,0.6104658842086792,QA118,13.1 What Is a Database?,0.5624224543571472
QA120,19,2,13.2 Microsoft Access: Main Features and Navigation,What are the typical database objects in Access?,"Access contains typical database objects such as tables, queries, forms, and reports.",1,0.8868246078491211,QA120,13.2 Microsoft Access: Main Features and Navigation,0.8868246078491211,QA122,13.3 Querying a Database,0.6004118919372559,QA111,13.1 What Is a Database?,0.5972645282745361,QA119,13.2 Microsoft Access: Main Features and Navigation,0.5789303779602051,QA109,13.1 What Is a Database?,0.5656589269638062
QA121,19,3,13.2 Microsoft Access: Main Features and Navigation,What is the importance of closing and saving your work in Access?,"Closing and saving your work in Access is an important process, as only one database can be open at a time.",1,0.8507108688354492,QA121,13.2 Microsoft Access: Main Features and Navigation,0.8507108688354492,QA134,13.5 Creating Reports in Microsoft Access,0.49223214387893677,QA199,2.4 Essentials of Microsoft 365,0.4554046392440796,QA142,13.6 Creating Forms in Microsoft Access,0.4532510042190552,QA120,13.2 Microsoft Access: Main Features and Navigation,0.40858423709869385
QA122,20,1,13.3 Querying a Database,What is the difference between SQL and Access?,"SQL is a universal language used for queries, but it is not necessary in Access. Access queries can be set up using either the Query Wizard or the QBE grid.",1,0.9077520370483398,QA122,13.3 Querying a Database,0.9077520370483398,QA119,13.2 Microsoft Access: Main Features and Navigation,0.723322331905365,QA120,13.2 Microsoft Access: Main Features and Navigation,0.6976955533027649,QA123,13.3 Querying a Database,0.6859840154647827,QA121,13.2 Microsoft Access: Main Features and Navigation,0.5594348311424255
QA123,20,2,13.3 Querying a Database,What are the two ways to set up an Access query?,The Query Wizard and the QBE grid are two ways to set up an Access query.,1,0.8265712261199951,QA123,13.3 Querying a Database,0.8265712261199951,QA122,13.3 Querying a Database,0.719458818435669,QA120,13.2 Microsoft Access: Main Features and Navigation,0.60420823097229,QA125,13.3 Querying a Database,0.5978288054466248,QA119,13.2 Microsoft Access: Main Features and Navigation,0.5383868217468262
QA124,20,3,13.3 Querying a Database,What is a join in SQL?,A join in SQL represents relationships between fields across tables.,1,0.8748501539230347,QA124,13.3 Querying a Database,0.8748501539230347,QA125,13.3 Querying a Database,0.49003544449806213,QA122,13.3 Querying a Database,0.4593876302242279,QA117,13.1 What Is a Database?,0.4371555745601654,QA260,4.2 Working with Graphics and Text Tools in Microsoft Word,0.41299712657928467
QA125,20,4,13.3 Querying a Database,"How can you create, change, or remove joins in Access?","Joins can be created, changed, or removed in Access using the Query Wizard or the QBE grid.",1,0.9023653864860535,QA125,13.3 Querying a Database,0.9023653864860535,QA123,13.3 Querying a Database,0.5517827272415161,QA122,13.3 Querying a Database,0.5274864435195923,QA149,14.2 Multiple Table Forms,0.520542323589325,QA120,13.2 Microsoft Access: Main Features and Navigation,0.5087414979934692
QA126,20,5,13.3 Querying a Database,What is the purpose of sorting in queries?,Sorting in queries can be used to organize the data in a specific order.,1,0.906417965888977,QA126,13.3 Querying a Database,0.906417965888977,QA036,10.2 More About Formulas,0.42008885741233826,QA367,6.6 Creating Google Slides: Layout and Text,0.41829484701156616,QA123,13.3 Querying a Database,0.4121754467487335,QA117,13.1 What Is a Database?,0.39430734515190125
QA127,20,6,13.3 Querying a Database,How can you limit the number of records returned by a query?,"You can limit the number of records returned by a query by using the ""Top N"" option in the Query Wizard or the QBE grid.",1,0.871379017829895,QA127,13.3 Querying a Database,0.871379017829895,QA158,14.4 Customizing Reports,0.3062308132648468,QA128,13.3 Querying a Database,0.29511648416519165,QA126,13.3 Querying a Database,0.2670546770095825,QA123,13.3 Querying a Database,0.2577628493309021
QA128,20,7,13.3 Querying a Database,How can you calculate values from tables in queries?,"You can calculate values from tables in queries using the ""Calculated Field"" option in the Query Wizard or the QBE grid.",1,0.8687876462936401,QA128,13.3 Querying a Database,0.8687876462936401,QA146,14.1 Advanced Queries in Microsoft Access,0.43830034136772156,QA081,11.4 PivotTables/Charts,0.42325329780578613,QA122,13.3 Querying a Database,0.3563934862613678,QA124,13.3 Querying a Database,0.3537887632846832
QA129,20,8,13.3 Querying a Database,What is the difference between a universal language and a specific language?,"A universal language is a language that can be used to communicate with any type of computer system, while a specific language is designed to communicate with a particular type of computer system. SQL is a universal language, while Access is a specific language designed for working with databases.",1,0.7599451541900635,QA129,13.3 Querying a Database,0.7599451541900635,QA012,"1.3 The Internet, Cloud Computing, and the Internet of Things",0.2575981020927429,QA290,4.6 Managing Long Documents in Google Docs,0.21572738885879517,QA286,4.6 Managing Long Documents in Google Docs,0.21572738885879517,QA465,9.5 Google Sheets Basics,0.2156456708908081
QA130,21,1,13.4 Maintaining Records in a Database,What is the purpose of a database?,"The purpose of a database is to store, retrieve, and manage data efficiently.",1,0.8388568758964539,QA130,13.4 Maintaining Records in a Database,0.8388568758964539,QA109,13.1 What Is a Database?,0.7286628484725952,QA139,13.6 Creating Forms in Microsoft Access,0.7221066951751709,QA132,13.4 Maintaining Records in a Database,0.6671816110610962,QA118,13.1 What Is a Database?,0.6332635283470154
QA131,21,2,13.4 Maintaining Records in a Database,What is the difference between a database and a file?,"A database is a collection of data that is organized in a way that allows for efficient retrieval and manipulation. A file, on the other hand, is a single unit of data that can be stored and retrieved independently of other data.",1,0.9087272882461548,QA131,13.4 Maintaining Records in a Database,0.9087272882461548,QA109,13.1 What Is a Database?,0.692407488822937,QA130,13.4 Maintaining Records in a Database,0.5782057046890259,QA133,13.4 Maintaining Records in a Database,0.51499342918396,QA139,13.6 Creating Forms in Microsoft Access,0.5149435997009277
QA132,21,3,13.4 Maintaining Records in a Database,What is the purpose of a database management system (DBMS)?,"The purpose of a database management system (DBMS) is to provide a user-friendly interface for managing and manipulating databases. It also includes features for data definition, data manipulation, data control, and data administration.",1,0.8859419822692871,QA132,13.4 Maintaining Records in a Database,0.8859419822692871,QA130,13.4 Maintaining Records in a Database,0.6534233093261719,QA408,8.3 Creating Content with a Content Management System,0.6032428741455078,QA118,13.1 What Is a Database?,0.5820886492729187,QA109,13.1 What Is a Database?,0.5642125606536865
QA133,21,4,13.4 Maintaining Records in a Database,What is the difference between a relational database and a non-relational database?,"A relational database is a type of database that stores data in tables related by common fields. A non-relational database, on the other hand, stores data in a format that is not",1,0.8699774146080017,QA133,13.4 Maintaining Records in a Database,0.8699774146080017,QA109,13.1 What Is a Database?,0.614723801612854,QA131,13.4 Maintaining Records in a Database,0.5605431795120239,QA124,13.3 Querying a Database,0.4837462902069092,QA119,13.2 Microsoft Access: Main Features and Navigation,0.47786858677864075
QA134,22,1,13.5 Creating Reports in Microsoft Access,What is the purpose of a report in Microsoft Access?,"The purpose of a report in Microsoft Access is to compile and summarize data in actionable, useful formats that can be used for business decision-making.",1,0.9124783277511597,QA134,13.5 Creating Reports in Microsoft Access,0.9124783277511597,QA142,13.6 Creating Forms in Microsoft Access,0.56856369972229,QA120,13.2 Microsoft Access: Main Features and Navigation,0.5518372654914856,QA121,13.2 Microsoft Access: Main Features and Navigation,0.5158917903900146,QA123,13.3 Querying a Database,0.5027611255645752
QA135,22,2,13.5 Creating Reports in Microsoft Access,How does a report update with current information?,Reports update with current information each time we open them.,1,0.9230451583862305,QA135,13.5 Creating Reports in Microsoft Access,0.9230451583862305,QA137,13.5 Creating Reports in Microsoft Access,0.46382132172584534,QA160,14.4 Customizing Reports,0.44827109575271606,QA136,13.5 Creating Reports in Microsoft Access,0.4186173677444458,QA134,13.5 Creating Reports in Microsoft Access,0.4068068265914917
QA136,22,3,13.5 Creating Reports in Microsoft Access,What is the difference between a report and a form?,"The main difference between a report and a form is that a report is designed to present data in a summarized format, while a form is designed to present data in a detailed format.",1,0.8864601254463196,QA136,13.5 Creating Reports in Microsoft Access,0.8864601254463196,QA134,13.5 Creating Reports in Microsoft Access,0.5536373853683472,QA135,13.5 Creating Reports in Microsoft Access,0.5089690685272217,QA117,13.1 What Is a Database?,0.4930935800075531,QA137,13.5 Creating Reports in Microsoft Access,0.4918350875377655
QA137,22,4,13.5 Creating Reports in Microsoft Access,How can we use the Report Wizard to create new reports?,We can use the Report Wizard to create new reports that we can later customize.,1,0.9278221130371094,QA137,13.5 Creating Reports in Microsoft Access,0.9278221130371094,QA135,13.5 Creating Reports in Microsoft Access,0.5384799242019653,QA160,14.4 Customizing Reports,0.5212022662162781,QA138,13.5 Creating Reports in Microsoft Access,0.5077148675918579,QA136,13.5 Creating Reports in Microsoft Access,0.49289196729660034
QA138,22,5,13.5 Creating Reports in Microsoft Access,Can we customize reports to include images and custom text?,"Yes, we can customize reports to include images and custom text.",1,0.95879065990448,QA138,13.5 Creating Reports in Microsoft Access,0.95879065990448,QA160,14.4 Customizing Reports,0.6482141017913818,QA137,13.5 Creating Reports in Microsoft Access,0.519945502281189,QA159,14.4 Customizing Reports,0.42432543635368347,QA182,15.2 Microsoft Word: Integration with Microsoft Excel and Microsoft Access,0.3743027150630951
QA139,23,1,13.6 Creating Forms in Microsoft Access,What is the purpose of a form in a database?,"The purpose of a form in a database is to provide a user-friendly interface for inputting, requesting, and accessing information.",1,0.8932228684425354,QA139,13.6 Creating Forms in Microsoft Access,0.8932228684425354,QA147,14.2 Multiple Table Forms,0.6625463366508484,QA117,13.1 What Is a Database?,0.6378916501998901,QA320,5.5 Creating Forms in Google Docs,0.5997729301452637,QA130,13.4 Maintaining Records in a Database,0.5982121229171753
QA140,23,2,13.6 Creating Forms in Microsoft Access,How can you create a form in Microsoft Access?,"You can create a form in Microsoft Access by navigating to the Forms section in the Navigation Pane, right-clicking, and selecting New.",1,0.8781862258911133,QA140,13.6 Creating Forms in Microsoft Access,0.8781862258911133,QA142,13.6 Creating Forms in Microsoft Access,0.724866509437561,QA152,14.3 Customizing Forms,0.6377999782562256,QA141,13.6 Creating Forms in Microsoft Access,0.6057311296463013,QA149,14.2 Multiple Table Forms,0.5852046012878418
QA141,23,3,13.6 Creating Forms in Microsoft Access,What are the two views in Microsoft Access that you can use to customize a form?,The two views in Microsoft Access that you can use to customize a form are Layout View and Design View.,1,0.8917866945266724,QA141,13.6 Creating Forms in Microsoft Access,0.8917866945266724,QA152,14.3 Customizing Forms,0.7416994571685791,QA142,13.6 Creating Forms in Microsoft Access,0.65553879737854,QA140,13.6 Creating Forms in Microsoft Access,0.6535781621932983,QA125,13.3 Querying a Database,0.5462259650230408
QA142,23,4,13.6 Creating Forms in Microsoft Access,What is the Form Wizard in Microsoft Access used for?,The Form Wizard in Microsoft Access is used to guide you through the process of creating a new form.,1,0.9073312282562256,QA142,13.6 Creating Forms in Microsoft Access,0.9073312282562256,QA149,14.2 Multiple Table Forms,0.6666486263275146,QA140,13.6 Creating Forms in Microsoft Access,0.6553611755371094,QA152,14.3 Customizing Forms,0.6362090110778809,QA123,13.3 Querying a Database,0.617221474647522
QA143,24,1,14.1 Advanced Queries in Microsoft Access,What are the different types of criteria that can be used in a query?,"The different types of criteria that can be used in a query include: AND, OR, NOT, and BETWEEN.",1,0.848956823348999,QA143,14.1 Advanced Queries in Microsoft Access,0.848956823348999,QA145,14.1 Advanced Queries in Microsoft Access,0.628659725189209,QA123,13.3 Querying a Database,0.4355643391609192,QA126,13.3 Querying a Database,0.4326978027820587,QA148,14.2 Multiple Table Forms,0.42817121744155884
QA144,24,2,14.1 Advanced Queries in Microsoft Access,How can you build/record expressions through correct syntax?,"You can build/record expressions through correct syntax by using the following steps:a. Click on the ""Criteria"" box in the ""Filter"" tab.b. Click on the ""Field"" drop-down list to select the field you want to use.b. Click on the ""Field"" drop-down list to select the field you want to use.d. Type in the value or values you want to use in the ""Value"" box.e. Click on the ""OK"" button.",1,0.8254694938659668,QA144,14.1 Advanced Queries in Microsoft Access,0.8254694938659668,QA443,9.3 Calculations and Basic Formulas in Microsoft Excel,0.40251097083091736,QA444,9.3 Calculations and Basic Formulas in Microsoft Excel,0.3678250312805176,QA445,9.3 Calculations and Basic Formulas in Microsoft Excel,0.34622326493263245,QA041,"10.3 Using Arithmetic, Statistical, and Logical Functions",0.33044207096099854
QA145,24,3,14.1 Advanced Queries in Microsoft Access,What is the purpose of using multiple criteria in a single query?,"The purpose of using multiple criteria in a single query is to isolate specific data. By using multiple criteria, you can narrow down your data to a specific range or set of values.",1,0.8928313255310059,QA145,14.1 Advanced Queries in Microsoft Access,0.8928313255310059,QA143,14.1 Advanced Queries in Microsoft Access,0.5421260595321655,QA126,13.3 Querying a Database,0.4295266270637512,QA147,14.2 Multiple Table Forms,0.38513433933258057,QA036,10.2 More About Formulas,0.3801673352718353
QA146,24,4,14.1 Advanced Queries in Microsoft Access,How can you find totals and groupings within data using an aggregate within a query?,"You can find totals and groupings within data using an aggregate within a query by using the following steps:a. Click on the ""Group By"" box in the ""Group By"" tab.b. Click on the ""Field"" drop-down list to select the field you want to use.c. Click on the ""Function"" drop-down list to select the type of aggregate you want to use.d. Click on the ""OK"" button.",1,0.8557078838348389,QA146,14.1 Advanced Queries in Microsoft Access,0.8557078838348389,QA159,14.4 Customizing Reports,0.47398287057876587,QA128,13.3 Querying a Database,0.4248216152191162,QA157,14.4 Customizing Reports,0.30505168437957764,QA085,11.5 Data Analysis Charts,0.2835903763771057
QA147,25,1,14.2 Multiple Table Forms,What is the purpose of adding data from two tables to a single specialized form?,The purpose of adding data from two tables to a single specialized form is to reduce steps and enhance user experience.,1,0.9383929967880249,QA147,14.2 Multiple Table Forms,0.9383929967880249,QA151,14.2 Multiple Table Forms,0.6133571863174438,QA139,13.6 Creating Forms in Microsoft Access,0.608601450920105,QA024,10.1 Data Tables and Ranges,0.5615922808647156,QA469,9.6 Text and Numbers in Google Sheets,0.5445654392242432
QA148,25,2,14.2 Multiple Table Forms,What is the bedrock of building and designing relational forms?,The bedrock of building and designing relational forms is queries.,1,0.8036220073699951,QA148,14.2 Multiple Table Forms,0.8036220073699951,QA150,14.2 Multiple Table Forms,0.5501024723052979,QA151,14.2 Multiple Table Forms,0.3915759325027466,QA149,14.2 Multiple Table Forms,0.36328980326652527,QA147,14.2 Multiple Table Forms,0.35451507568359375
QA149,25,3,14.2 Multiple Table Forms,How can the Form/Subform Wizard in Access help ensure the creation of proper relationships?,The Form/Subform Wizard in Access helps ensure the creation of proper relationships by ensuring that the relationships between tables are correctly set up.,1,0.9503055214881897,QA149,14.2 Multiple Table Forms,0.9503055214881897,QA150,14.2 Multiple Table Forms,0.6558471322059631,QA142,13.6 Creating Forms in Microsoft Access,0.6301848888397217,QA140,13.6 Creating Forms in Microsoft Access,0.4908141493797302,QA152,14.3 Customizing Forms,0.48648664355278015
QA150,25,4,14.2 Multiple Table Forms,What is the purpose of understanding how subforms and relationships work?,The purpose of understanding how subforms and relationships work is to open the door to form design.,1,0.8913612365722656,QA150,14.2 Multiple Table Forms,0.8913612365722656,QA149,14.2 Multiple Table Forms,0.6659983396530151,QA147,14.2 Multiple Table Forms,0.4854034185409546,QA139,13.6 Creating Forms in Microsoft Access,0.47936946153640747,QA117,13.1 What Is a Database?,0.4255683422088623
QA151,25,5,14.2 Multiple Table Forms,What is an example of a scenario where multiple table forms would be beneficial?,"An example of a scenario where multiple table forms would be beneficial is in a school database where students and their parents are stored in separate tables. The form could display a student's name, their parent's name, and their parent's contact information all in one place.",1,0.8857002258300781,QA151,14.2 Multiple Table Forms,0.8857002258300781,QA147,14.2 Multiple Table Forms,0.6682217121124268,QA139,13.6 Creating Forms in Microsoft Access,0.5250138640403748,QA028,10.1 Data Tables and Ranges,0.469129741191864,QA168,14.6 Data Analysis and Integration,0.4648045301437378
QA152,26,1,14.3 Customizing Forms,What are the tools in Access that allow you to customize forms?,"The tools in Access that allow you to customize forms include the Form Designer, Properties Sheet, and the Objects and Controls window.",1,0.907707929611206,QA152,14.3 Customizing Forms,0.907707929611206,QA141,13.6 Creating Forms in Microsoft Access,0.6708149909973145,QA142,13.6 Creating Forms in Microsoft Access,0.5963728427886963,QA140,13.6 Creating Forms in Microsoft Access,0.582579493522644,QA164,14.5 Using Macros,0.5385386347770691
QA153,26,2,14.3 Customizing Forms,"What are the parts of a form that are used to enter, edit, or display data?","The parts of a form that are used to enter, edit, or display data are called controls.",1,0.8825676441192627,QA153,14.3 Customizing Forms,0.8825676441192627,QA139,13.6 Creating Forms in Microsoft Access,0.6123933792114258,QA147,14.2 Multiple Table Forms,0.5256105065345764,QA117,13.1 What Is a Database?,0.5248486995697021,QA142,13.6 Creating Forms in Microsoft Access,0.5112795829772949
QA154,26,3,14.3 Customizing Forms,How can you add controls such as command buttons or combo boxes to a form?,You can add controls such as command buttons or combo boxes to a form by selecting them from the Objects and Controls window and then dragging them onto the form.,1,0.9047648906707764,QA154,14.3 Customizing Forms,0.9047648906707764,QA153,14.3 Customizing Forms,0.5372889041900635,QA308,5.3 Creating Forms in Microsoft Word,0.5053189992904663,QA152,14.3 Customizing Forms,0.4985518455505371,QA321,5.5 Creating Forms in Google Docs,0.4274853467941284
QA155,26,4,14.3 Customizing Forms,What are the elements of a form that can be customized to company specific standards?,"The elements of a form that can be customized to company specific standards include headers and footers, titles, modifications to the text and colors, and logos.",1,0.8749178647994995,QA155,14.3 Customizing Forms,0.8749178647994995,QA152,14.3 Customizing Forms,0.53672856092453,QA170,14.6 Data Analysis and Integration,0.4962967038154602,QA054,10.6 Advanced Formatting Techniques,0.45412200689315796,QA317,5.4 Creating Different Document Types in Google Docs,0.4468027949333191
QA156,27,1,14.4 Customizing Reports,What are the two main views in report tools?,The two main views in report tools are Layout View and Design View.,1,0.828100860118866,QA156,14.4 Customizing Reports,0.828100860118866,QA137,13.5 Creating Reports in Microsoft Access,0.5338770747184753,QA135,13.5 Creating Reports in Microsoft Access,0.5248352289199829,QA136,13.5 Creating Reports in Microsoft Access,0.5239609479904175,QA134,13.5 Creating Reports in Microsoft Access,0.5191985964775085
QA157,27,2,14.4 Customizing Reports,How do you group and sort in a report?,You can group and sort in a report by selecting the grouping and sorting options in the report tools.,1,0.8557931184768677,QA157,14.4 Customizing Reports,0.8557931184768677,QA126,13.3 Querying a Database,0.47589656710624695,QA159,14.4 Customizing Reports,0.4076717495918274,QA160,14.4 Customizing Reports,0.40016573667526245,QA156,14.4 Customizing Reports,0.38797444105148315
QA158,27,3,14.4 Customizing Reports,What is the purpose of filtering records in a report?,Filtering records in a report allows you to display only the records that meet certain criteria.,1,0.8806597590446472,QA158,14.4 Customizing Reports,0.8806597590446472,QA134,13.5 Creating Reports in Microsoft Access,0.5518448948860168,QA117,13.1 What Is a Database?,0.4896775484085083,QA078,11.4 PivotTables/Charts,0.4858444333076477,QA093,12.1 Basic Accounting,0.4523976743221283
QA159,27,4,14.4 Customizing Reports,How do you add totals and subtotals to a report?,You can add totals and subtotals to a report by selecting the appropriate options in the report tools.,1,0.9023277759552002,QA159,14.4 Customizing Reports,0.9023277759552002,QA146,14.1 Advanced Queries in Microsoft Access,0.4907578229904175,QA160,14.4 Customizing Reports,0.4334309697151184,QA137,13.5 Creating Reports in Microsoft Access,0.42558401823043823,QA157,14.4 Customizing Reports,0.4152834713459015
QA160,27,5,14.4 Customizing Reports,"How do you change the appearance of a report by adding fields with time and date, formatting text, adding page numbers to a report, and adding logos and images to a report?","You can change the appearance of a report by adding fields with time and date, formatting text, adding page numbers to a report, and adding logos and images to a report by selecting the appropriate options in the report tools.",1,0.9623850584030151,QA160,14.4 Customizing Reports,0.9623850584030151,QA138,13.5 Creating Reports in Microsoft Access,0.6641380190849304,QA137,13.5 Creating Reports in Microsoft Access,0.5517992973327637,QA159,14.4 Customizing Reports,0.49103644490242004,QA157,14.4 Customizing Reports,0.48542648553848267
QA161,28,1,14.5 Using Macros,What is a macro in Access?,A macro in Access is a series of instructions written in a programming language that automates a series of tasks.,1,0.9032624959945679,QA161,14.5 Using Macros,0.9032624959945679,QA162,14.5 Using Macros,0.7936837077140808,QA165,14.5 Using Macros,0.7541118860244751,QA163,14.5 Using Macros,0.6540451049804688,QA164,14.5 Using Macros,0.6202636957168579
QA162,28,2,14.5 Using Macros,What are the two common applications for macros in Access?,The two common applications for macros in Access are displaying message boxes and validating data.,1,0.8980964422225952,QA162,14.5 Using Macros,0.8980964422225952,QA165,14.5 Using Macros,0.7927947640419006,QA161,14.5 Using Macros,0.7797740697860718,QA164,14.5 Using Macros,0.5908488631248474,QA163,14.5 Using Macros,0.5842996835708618
QA163,28,3,14.5 Using Macros,"What is VBA, and how is it integrated into Access?","VBA, or Visual Basic for Applications, is a programming language that is integrated into Access. It allows you to create custom solutions for data management, reporting, and other tasks.",1,0.9082627296447754,QA163,14.5 Using Macros,0.9082627296447754,QA161,14.5 Using Macros,0.6709662675857544,QA162,14.5 Using Macros,0.6225515604019165,QA165,14.5 Using Macros,0.5957661271095276,QA164,14.5 Using Macros,0.5854792594909668
QA164,28,4,14.5 Using Macros,How can you use the Code Builder tool in Access to add specialized macros to forms and reports?,You can use the Code Builder tool in Access to add specialized macros to forms and reports. This tool allows you to create and edit VBA code directly within the Access interface.,1,0.9262568354606628,QA164,14.5 Using Macros,0.9262568354606628,QA161,14.5 Using Macros,0.6183738708496094,QA165,14.5 Using Macros,0.6104246973991394,QA162,14.5 Using Macros,0.6069684028625488,QA152,14.3 Customizing Forms,0.5923015475273132
QA165,28,5,14.5 Using Macros,What are some practical examples of tasks that can be automated using macros in Access?,"Some practical examples of tasks that can be automated using macros in Access include running reports, printing forms, copying data from one table into another table, and creating a system for accomplishing many similar operations.",1,0.9299346804618835,QA165,14.5 Using Macros,0.9299346804618835,QA161,14.5 Using Macros,0.7997579574584961,QA162,14.5 Using Macros,0.7484071254730225,QA164,14.5 Using Macros,0.6093246936798096,QA163,14.5 Using Macros,0.5755132436752319
QA166,29,1,14.6 Data Analysis and Integration,What are the steps for importing and exporting data?,Importing data involves transferring data from one system to another. Exporting data involves transferring data from one system to another.,1,0.8716498613357544,QA166,14.6 Data Analysis and Integration,0.8716498613357544,QA169,14.6 Data Analysis and Integration,0.4331895709037781,QA174,15.1 Microsoft 365: Collaboration and Integration,0.404568612575531,QA108,12.3 Integrating Microsoft Excel and Accounting Programs,0.33143335580825806,QA189,2.2 Files and Folders,0.3072814643383026
QA167,29,2,14.6 Data Analysis and Integration,What is the purpose of a dashboard in a business?,A dashboard in a business provides a centralized view of key performance indicators (KPIs) and allows for quick access to data and reports.,1,0.8460588455200195,QA167,14.6 Data Analysis and Integration,0.8460588455200195,QA170,14.6 Data Analysis and Integration,0.6279661655426025,QA168,14.6 Data Analysis and Integration,0.5339949131011963,QA029,10.2 More About Formulas,0.5245100259780884,QA113,13.1 What Is a Database?,0.4670688509941101
QA168,29,3,14.6 Data Analysis and Integration,What are the benefits of planning and building a dashboard around forms?,"The benefits of planning and building a dashboard around forms include improved user experience, increased efficiency, and enhanced data analysis.",1,0.8829686641693115,QA168,14.6 Data Analysis and Integration,0.8829686641693115,QA170,14.6 Data Analysis and Integration,0.6362029314041138,QA167,14.6 Data Analysis and Integration,0.4992830753326416,QA139,13.6 Creating Forms in Microsoft Access,0.46673768758773804,QA151,14.2 Multiple Table Forms,0.4427732825279236
QA169,29,4,14.6 Data Analysis and Integration,What are the potential challenges in integrating data from outside sources?,"Potential challenges in integrating data from outside sources include data quality issues, integration complexity, and the need for ongoing maintenance and support.",1,0.9214866161346436,QA169,14.6 Data Analysis and Integration,0.9214866161346436,QA118,13.1 What Is a Database?,0.4980923533439636,QA166,14.6 Data Analysis and Integration,0.432267427444458,QA028,10.1 Data Tables and Ranges,0.42852744460105896,QA178,15.2 Microsoft Word: Integration with Microsoft Excel and Microsoft Access,0.41463303565979004
QA170,29,5,14.6 Data Analysis and Integration,How can the use of forms in an organization's dashboard help drive business?,"The use of forms in an organization's dashboard can help drive business by providing a centralized platform for data input, analysis, and decision-making.",1,0.9206117391586304,QA170,14.6 Data Analysis and Integration,0.9206117391586304,QA168,14.6 Data Analysis and Integration,0.6075036525726318,QA167,14.6 Data Analysis and Integration,0.5400396585464478,QA150,14.2 Multiple Table Forms,0.480465292930603,QA320,5.5 Creating Forms in Google Docs,0.4683018624782562
QA171,30,1,15.1 Microsoft 365: Collaboration and Integration,What is the purpose of collaborative workspaces in Microsoft 365?,The purpose of collaborative workspaces in Microsoft 365 is to allow users from various physical locations to work together efficiently.,1,0.9083012938499451,QA171,15.1 Microsoft 365: Collaboration and Integration,0.9083012938499451,QA176,15.1 Microsoft 365: Collaboration and Integration,0.6617268323898315,QA332,5.6 Advanced Collaboration in Google Docs,0.5489444732666016,QA207,2.6 Collaboration,0.5314940214157104,QA193,2.3 Communication and Calendar Applications,0.5286632776260376
QA172,30,2,15.1 Microsoft 365: Collaboration and Integration,What is the difference between embedded and linked information in Microsoft 365?,"Embedded information becomes a part of the other file and is not updated if the source file is updated. Linked information is kept separate; a connection between the two files is made, but it does not become part of the other file.",1,0.9078433513641357,QA172,15.1 Microsoft 365: Collaboration and Integration,0.9078433513641357,QA177,15.1 Microsoft 365: Collaboration and Integration,0.7518571615219116,QA174,15.1 Microsoft 365: Collaboration and Integration,0.44421637058258057,QA182,15.2 Microsoft Word: Integration with Microsoft Excel and Microsoft Access,0.44056788086891174,QA175,15.1 Microsoft 365: Collaboration and Integration,0.4249814748764038
QA173,30,3,15.1 Microsoft 365: Collaboration and Integration,What is the role of the default conversion tool in Microsoft 365?,The default conversion tool in Microsoft 365 is used to open certain PDF files by Word.,1,0.8586324453353882,QA173,15.1 Microsoft 365: Collaboration and Integration,0.8586324453353882,QA174,15.1 Microsoft 365: Collaboration and Integration,0.6174066662788391,QA175,15.1 Microsoft 365: Collaboration and Integration,0.4884180724620819,QA176,15.1 Microsoft 365: Collaboration and Integration,0.4582979679107666,QA177,15.1 Microsoft 365: Collaboration and Integration,0.39324796199798584
QA174,30,4,15.1 Microsoft 365: Collaboration and Integration,What are the common paths to take information from one program into another program in Microsoft 365?,Common paths to take information from one program into another program in Microsoft 365 include the use of the default conversion tool and the programs generally having the same layout.,1,0.8678508996963501,QA174,15.1 Microsoft 365: Collaboration and Integration,0.8678508996963501,QA175,15.1 Microsoft 365: Collaboration and Integration,0.5169942378997803,QA177,15.1 Microsoft 365: Collaboration and Integration,0.4947291612625122,QA172,15.1 Microsoft 365: Collaboration and Integration,0.4241548776626587,QA166,14.6 Data Analysis and Integration,0.4203548729419708
QA175,30,5,15.1 Microsoft 365: Collaboration and Integration,How does Microsoft 365 allow easy integration between applications?,"Microsoft 365 allows easy integration between applications by design, as it uses Office, which is designed to allow easy integration between applications.",1,0.8486526012420654,QA175,15.1 Microsoft 365: Collaboration and Integration,0.8486526012420654,QA176,15.1 Microsoft 365: Collaboration and Integration,0.6579296588897705,QA174,15.1 Microsoft 365: Collaboration and Integration,0.5749034881591797,QA171,15.1 Microsoft 365: Collaboration and Integration,0.5191255807876587,QA173,15.1 Microsoft 365: Collaboration and Integration,0.44385015964508057
QA176,30,6,15.1 Microsoft 365: Collaboration and Integration,What is the main advantage of using Microsoft 365 for collaboration and integration?,The main advantage of using Microsoft 365 for collaboration and integration is its ability to allow users from various physical locations to work together efficiently.,1,0.8996968865394592,QA176,15.1 Microsoft 365: Collaboration and Integration,0.8996968865394592,QA171,15.1 Microsoft 365: Collaboration and Integration,0.7096356749534607,QA175,15.1 Microsoft 365: Collaboration and Integration,0.6838023066520691,QA332,5.6 Advanced Collaboration in Google Docs,0.5800600051879883,QA207,2.6 Collaboration,0.458827406167984
QA177,30,7,15.1 Microsoft 365: Collaboration and Integration,How does Microsoft 365 handle changes in the source file when using embedded or linked information?,Microsoft 365 handles changes in the source file when using embedded or linked information by keeping the linked information separate and not updating it if the source file is,1,0.9703522324562073,QA177,15.1 Microsoft 365: Collaboration and Integration,0.9703522324562073,QA172,15.1 Microsoft 365: Collaboration and Integration,0.7894283533096313,QA174,15.1 Microsoft 365: Collaboration and Integration,0.49722820520401,QA304,5.2 Mail Merge in Microsoft Word,0.4270075857639313,QA173,15.1 Microsoft 365: Collaboration and Integration,0.41396790742874146
QA178,31,1,15.2 Microsoft Word: Integration with Microsoft Excel and Microsoft Access,What are the drawbacks of integrating Word into Excel?,The drawbacks of integrating Word into Excel include the fact that Excel is designed for data rather than text.,1,0.9420900940895081,QA178,15.2 Microsoft Word: Integration with Microsoft Excel and Microsoft Access,0.9420900940895081,QA179,15.2 Microsoft Word: Integration with Microsoft Excel and Microsoft Access,0.5614057183265686,QA180,15.2 Microsoft Word: Integration with Microsoft Excel and Microsoft Access,0.5514549016952515,QA108,12.3 Integrating Microsoft Excel and Accounting Programs,0.5211974382400513,QA181,15.2 Microsoft Word: Integration with Microsoft Excel and Microsoft Access,0.5141243934631348
QA179,31,2,15.2 Microsoft Word: Integration with Microsoft Excel and Microsoft Access,How can you import Excel content into Word files?,You can import Excel content into Word files through copy-and-paste options or by inserting a linked object.,1,0.8721205592155457,QA179,15.2 Microsoft Word: Integration with Microsoft Excel and Microsoft Access,0.8721205592155457,QA180,15.2 Microsoft Word: Integration with Microsoft Excel and Microsoft Access,0.6761157512664795,QA178,15.2 Microsoft Word: Integration with Microsoft Excel and Microsoft Access,0.6118522882461548,QA294,5.1 Creating Different Document Types in Microsoft Word,0.4881598949432373,QA181,15.2 Microsoft Word: Integration with Microsoft Excel and Microsoft Access,0.47193312644958496
QA180,31,3,15.2 Microsoft Word: Integration with Microsoft Excel and Microsoft Access,What are the steps to link or embed Excel charts into a Word file?,The process for linking or embedding Excel charts into a Word file involves choosing to display the information as an icon in the Word document rather than showing an image of the linked or embedded information.,1,0.9049390554428101,QA180,15.2 Microsoft Word: Integration with Microsoft Excel and Microsoft Access,0.9049390554428101,QA179,15.2 Microsoft Word: Integration with Microsoft Excel and Microsoft Access,0.6053662300109863,QA262,4.2 Working with Graphics and Text Tools in Microsoft Word,0.5317279100418091,QA178,15.2 Microsoft Word: Integration with Microsoft Excel and Microsoft Access,0.5287577509880066,QA258,4.1 Microsoft Word: Advanced Formatting Features,0.4536256492137909
QA181,31,4,15.2 Microsoft Word: Integration with Microsoft Excel and Microsoft Access,Why is it not advised to import Access tables into Word?,"Access tables in Access databases can be quite lengthy, and importing them into Word is typically not advised.",1,0.9518908262252808,QA181,15.2 Microsoft Word: Integration with Microsoft Excel and Microsoft Access,0.9518908262252808,QA260,4.2 Working with Graphics and Text Tools in Microsoft Word,0.5842139720916748,QA256,4.1 Microsoft Word: Advanced Formatting Features,0.5592893362045288,QA120,13.2 Microsoft Access: Main Features and Navigation,0.5164033770561218,QA122,13.3 Querying a Database,0.5039061903953552
QA182,31,5,15.2 Microsoft Word: Integration with Microsoft Excel and Microsoft Access,How can you display information as an icon in the Word document rather than showing an image of the linked or embedded information?,You can display information as an icon in the Word document rather than showing an image of the linked or embedded information by choosing to display the information as an icon in the Word document.,1,0.9611372351646423,QA182,15.2 Microsoft Word: Integration with Microsoft Excel and Microsoft Access,0.9611372351646423,QA180,15.2 Microsoft Word: Integration with Microsoft Excel and Microsoft Access,0.5970579385757446,QA262,4.2 Working with Graphics and Text Tools in Microsoft Word,0.49600449204444885,QA212,3.1 Navigating Microsoft Word,0.4941064715385437,QA172,15.1 Microsoft 365: Collaboration and Integration,0.45268699526786804
QA183,32,1,2.1 Software Basics,What is software?,Software is the programmes or applications that run on a computer and perform various tasks.,1,0.8199421167373657,QA183,2.1 Software Basics,0.8199421167373657,QA184,2.1 Software Basics,0.5238509774208069,QA187,2.1 Software Basics,0.4487168788909912,QA209,2.6 Collaboration,0.41767287254333496,QA108,12.3 Integrating Microsoft Excel and Accounting Programs,0.40769124031066895
QA184,32,2,2.1 Software Basics,What are some examples of software applications?,"Examples of software applications include word processing applications (like Microsoft Word), spreadsheet applications (like Microsoft Excel), presentation applications (like PowerPoint), and specialized applications (like specific business software).",1,0.8214389085769653,QA184,2.1 Software Basics,0.8214389085769653,QA183,2.1 Software Basics,0.614088773727417,QA013,"1.3 The Internet, Cloud Computing, and the Internet of Things",0.6089084148406982,QA209,2.6 Collaboration,0.6001418828964233,QA186,2.1 Software Basics,0.49817174673080444
QA185,32,3,2.1 Software Basics,"What is the difference between a word processing application, a spreadsheet application, and a presentation application?","Word processing applications are used to create text-based documents, spreadsheet applications are used to work with numerical data, and presentation applications are used to create slides that combine text and visuals.",1,0.9066457748413086,QA185,2.1 Software Basics,0.9066457748413086,QA196,2.4 Essentials of Microsoft 365,0.6799059510231018,QA200,2.4 Essentials of Microsoft 365,0.585405707359314,QA184,2.1 Software Basics,0.5682905912399292,QA201,2.5 Essentials of Google Workspace,0.5631071329116821
QA186,32,4,2.1 Software Basics,What are specialized applications?,Specialized applications are programs that are used only in certain disciplines or occupations.,1,0.8202351331710815,QA186,2.1 Software Basics,0.8202351331710815,QA184,2.1 Software Basics,0.4549686312675476,QA013,"1.3 The Internet, Cloud Computing, and the Internet of Things",0.4526374936103821,QA118,13.1 What Is a Database?,0.3716616630554199,QA028,10.1 Data Tables and Ranges,0.35425835847854614
QA187,32,5,2.1 Software Basics,What is the importance of installing and maintaining software?,"Installing and maintaining software is an important skill because it allows users to use the software effectively and efficiently, and it ensures that the software is up-to-date and compatible with the hardware and operating system.",1,0.856770396232605,QA187,2.1 Software Basics,0.856770396232605,QA183,2.1 Software Basics,0.4596537947654724,QA406,8.2 Common Content Management Systems,0.4292932152748108,QA403,8.1 What Are Content Management Systems?,0.40690261125564575,QA005,1.1 Computing from Inception to Today,0.3975713551044464
QA188,33,1,2.2 Files and Folders,What are some best practices for organizing and cleaning your files?,"Some best practices for organizing and cleaning your files include never storing files on your desktop, removing files from the download folder, and using descriptive folder names.",1,0.8214828968048096,QA188,2.2 Files and Folders,0.8214828968048096,QA190,2.2 Files and Folders,0.31521427631378174,QA043,10.4 PivotTables,0.26880019903182983,QA399,8.1 What Are Content Management Systems?,0.2652761936187744,QA189,2.2 Files and Folders,0.25709789991378784
QA189,33,2,2.2 Files and Folders,What are the different types of files?,"The different types of files include document, worksheet, presentation, and graphics files.",1,0.8242105841636658,QA189,2.2 Files and Folders,0.8242105841636658,QA131,13.4 Maintaining Records in a Database,0.4461980164051056,QA318,5.4 Creating Different Document Types in Google Docs,0.43531161546707153,QA190,2.2 Files and Folders,0.4270588755607605,QA197,2.4 Essentials of Microsoft 365,0.41994228959083557
QA190,33,3,2.2 Files and Folders,"How can files be managed, shared, organized, and stored in the cloud using the applications provided by Google or Microsoft?","Files can be managed, shared, organized, and stored in the cloud using the applications provided by Google or Microsoft.",1,0.9536426067352295,QA190,2.2 Files and Folders,0.9536426067352295,QA203,2.5 Essentials of Google Workspace,0.6147986650466919,QA018,"1.3 The Internet, Cloud Computing, and the Internet of Things",0.531720757484436,QA015,"1.3 The Internet, Cloud Computing, and the Internet of Things",0.4883967339992523,QA201,2.5 Essentials of Google Workspace,0.4461336135864258
QA191,34,1,2.3 Communication and Calendar Applications,What is the main difference between email and instant messaging?,"Email is a form of communication that involves sending and receiving of documents, while instant messaging is a form of communication that involves real-time text communication.",1,0.8372225761413574,QA191,2.3 Communication and Calendar Applications,0.8372225761413574,QA013,"1.3 The Internet, Cloud Computing, and the Internet of Things",0.3198564350605011,QA176,15.1 Microsoft 365: Collaboration and Integration,0.3106328547000885,QA231,3.6 Navigating Google Docs,0.30834078788757324,QA175,15.1 Microsoft 365: Collaboration and Integration,0.290882408618927
QA192,34,2,2.3 Communication and Calendar Applications,How do calendar applications help in managing team meetings and project tasks?,"Calendar applications help in managing team meetings and project tasks by allowing team members to schedule meetings, set reminders for tasks, and view the schedule of other team members.",1,0.8809213638305664,QA192,2.3 Communication and Calendar Applications,0.8809213638305664,QA195,2.3 Communication and Calendar Applications,0.7291699647903442,QA194,2.3 Communication and Calendar Applications,0.6448442935943604,QA072,11.3 What-If Analysis,0.33811044692993164,QA243,3.8 Collaborative Editing and Reviewing in Google Docs,0.3323324918746948
QA193,34,3,2.3 Communication and Calendar Applications,What are the features of Microsoft Teams and Slack that make them suitable for virtual workspaces?,"The features of Microsoft Teams and Slack that make them suitable for virtual workspaces include the ability to create channels for different teams, share files and documents, and have real-time text communication.",1,0.9130668640136719,QA193,2.3 Communication and Calendar Applications,0.9130668640136719,QA171,15.1 Microsoft 365: Collaboration and Integration,0.5321359038352966,QA207,2.6 Collaboration,0.4446902573108673,QA202,2.5 Essentials of Google Workspace,0.4303200840950012,QA176,15.1 Microsoft 365: Collaboration and Integration,0.4182438552379608
QA194,34,4,2.3 Communication and Calendar Applications,What are the benefits of using calendar applications in organizations?,"The benefits of using calendar applications in organizations include improved communication, increased productivity, and better coordination of team activities.",2,0.8408888578414917,QA195,2.3 Communication and Calendar Applications,0.8440427780151367,QA194,2.3 Communication and Calendar Applications,0.8408888578414917,QA192,2.3 Communication and Calendar Applications,0.6829655766487122,QA115,13.1 What Is a Database?,0.4477396011352539,QA406,8.2 Common Content Management Systems,0.4138990044593811
QA195,34,5,2.3 Communication and Calendar Applications,How does the use of calendar applications in organizations enhance productivity?,"The use of calendar applications in organizations enhances productivity by allowing team members to plan their work, manage their time, and coordinate their activities. It also helps in reducing the time spent on searching for information and meeting people, thereby increasing efficiency.",1,0.9252110719680786,QA195,2.3 Communication and Calendar Applications,0.9252110719680786,QA194,2.3 Communication and Calendar Applications,0.7449935674667358,QA192,2.3 Communication and Calendar Applications,0.6430600881576538,QA005,1.1 Computing from Inception to Today,0.3580184578895569,QA115,13.1 What Is a Database?,0.3573174476623535
QA196,35,1,2.4 Essentials of Microsoft 365,"What is the main difference between Microsoft Word, Excel, and PowerPoint?","Word is a word processing application, Excel is a spreadsheet application, and PowerPoint is a presentation application.",1,0.839371919631958,QA196,2.4 Essentials of Microsoft 365,0.839371919631958,QA185,2.1 Software Basics,0.6210763454437256,QA200,2.4 Essentials of Microsoft 365,0.6156810522079468,QA362,6.5 Designing a Presentation in Google Slides,0.5975956916809082,QA364,6.5 Designing a Presentation in Google Slides,0.597076416015625
QA197,35,2,2.4 Essentials of Microsoft 365,What are the common options found on the ribbon in all Microsoft Office applications?,"The common options found on the ribbon in all Microsoft Office applications include File, Edit, View, Insert, Format, Tools, and Help.",1,0.9017826318740845,QA197,2.4 Essentials of Microsoft 365,0.9017826318740845,QA431,9.1 Microsoft Excel Basics,0.61196368932724,QA198,2.4 Essentials of Microsoft 365,0.6077707409858704,QA199,2.4 Essentials of Microsoft 365,0.5534501075744629,QA211,3.1 Navigating Microsoft Word,0.544064998626709
QA198,35,3,2.4 Essentials of Microsoft 365,How can you customize the view and the ribbon in Microsoft Office applications?,"You can customize the view and the ribbon in Microsoft Office applications by going to the File menu, selecting Options, and then choosing the Customize Ribbon option.",1,0.9192790985107422,QA198,2.4 Essentials of Microsoft 365,0.9192790985107422,QA197,2.4 Essentials of Microsoft 365,0.6580159664154053,QA431,9.1 Microsoft Excel Basics,0.5037767887115479,QA141,13.6 Creating Forms in Microsoft Access,0.44950389862060547,QA311,5.3 Creating Forms in Microsoft Word,0.4441784620285034
QA199,35,4,2.4 Essentials of Microsoft 365,"What are the benefits of using the Save, Save As, Open, and Print options in all Microsoft Office applications?","The Save, Save As, Open, and Print options are common among all Microsoft Office applications because they allow you to save your work, save your work with a different name, open previously saved files, and print your work.",1,0.9354815483093262,QA199,2.4 Essentials of Microsoft 365,0.9354815483093262,QA197,2.4 Essentials of Microsoft 365,0.5959732532501221,QA435,9.1 Microsoft Excel Basics,0.5458271503448486,QA295,5.1 Creating Different Document Types in Microsoft Word,0.5432429313659668,QA058,10.6 Advanced Formatting Techniques,0.5039922595024109
QA200,35,5,2.4 Essentials of Microsoft 365,How does the layout of the Office suite applications generally differ from one another?,"The layout of the Office suite applications generally differ from one another because they are designed to work together as a suite, with Word for writing, Excel for calculations, and PowerPoint for presentations.",1,0.9069617986679077,QA200,2.4 Essentials of Microsoft 365,0.9069617986679077,QA202,2.5 Essentials of Google Workspace,0.5047981142997742,QA316,5.4 Creating Different Document Types in Google Docs,0.48223501443862915,QA231,3.6 Navigating Google Docs,0.4814547002315521,QA201,2.5 Essentials of Google Workspace,0.4780503511428833
QA201,36,1,2.5 Essentials of Google Workspace,What are the apps in Google Workspace?,"The apps in Google Workspace include Docs, Sheets, and Slides.",1,0.8343073725700378,QA201,2.5 Essentials of Google Workspace,0.8343073725700378,QA202,2.5 Essentials of Google Workspace,0.644982099533081,QA184,2.1 Software Basics,0.47760075330734253,QA013,"1.3 The Internet, Cloud Computing, and the Internet of Things",0.46213796734809875,QA364,6.5 Designing a Presentation in Google Slides,0.4309386610984802
QA202,36,2,2.5 Essentials of Google Workspace,How are Google Workspace apps similar to their Microsoft counterparts?,"Google Workspace apps are similar in many ways to their Microsoft counterparts, as they share similar functionalities and use similar terminology.",1,0.8921042680740356,QA202,2.5 Essentials of Google Workspace,0.8921042680740356,QA201,2.5 Essentials of Google Workspace,0.694257378578186,QA200,2.4 Essentials of Microsoft 365,0.5329933166503906,QA193,2.3 Communication and Calendar Applications,0.5020788908004761,QA175,15.1 Microsoft 365: Collaboration and Integration,0.488050639629364
QA203,36,3,2.5 Essentials of Google Workspace,What is the unique feature of creating files in Google?,The unique feature of creating files in Google is that the files are automatically saved in your Drive in the cloud.,1,0.8629199266433716,QA203,2.5 Essentials of Google Workspace,0.8629199266433716,QA190,2.2 Files and Folders,0.5281939506530762,QA232,3.6 Navigating Google Docs,0.4970752000808716,QA189,2.2 Files and Folders,0.45345428586006165,QA315,5.4 Creating Different Document Types in Google Docs,0.44068604707717896
QA204,36,4,2.5 Essentials of Google Workspace,How are commands and settings in Google arranged in menus?,"Commands and settings in Google are arranged in menus, with the more frequently used commands appearing as icons on the toolbar.",1,0.9251718521118164,QA204,2.5 Essentials of Google Workspace,0.9251718521118164,QA367,6.6 Creating Google Slides: Layout and Text,0.5393250584602356,QA231,3.6 Navigating Google Docs,0.5139250755310059,QA239,3.8 Collaborative Editing and Reviewing in Google Docs,0.49914050102233887,QA237,3.7 Formatting Layout and Content in Google Docs,0.44800060987472534
QA205,37,1,2.6 Collaboration,What is collaboration and teamwork?,Collaboration is the process of working together to achieve a common goal. Teamwork is the ability to work together as a team to achieve a common goal.,1,0.8156401515007019,QA205,2.6 Collaboration,0.8156401515007019,QA206,2.6 Collaboration,0.5515450239181519,QA207,2.6 Collaboration,0.5440317392349243,QA332,5.6 Advanced Collaboration in Google Docs,0.48095574975013733,QA241,3.8 Collaborative Editing and Reviewing in Google Docs,0.47489145398139954
QA206,37,2,2.6 Collaboration,How can technology be used to foster collaboration and teamwork?,"Technology can be used to foster collaboration and teamwork by enabling communication, sharing files, and tracking teamwork.",1,0.8051367998123169,QA206,2.6 Collaboration,0.8051367998123169,QA205,2.6 Collaboration,0.5776244401931763,QA207,2.6 Collaboration,0.49134010076522827,QA241,3.8 Collaborative Editing and Reviewing in Google Docs,0.48385873436927795,QA332,5.6 Advanced Collaboration in Google Docs,0.4647241234779358
QA207,37,3,2.6 Collaboration,What are some examples of sharing platforms that allow for collaboration and teamwork?,"Examples of sharing platforms that allow for collaboration and teamwork include OneDrive, Google Drive, Dropbox, and SharePoint.",1,0.870092511177063,QA207,2.6 Collaboration,0.870092511177063,QA205,2.6 Collaboration,0.535104513168335,QA206,2.6 Collaboration,0.5203312635421753,QA332,5.6 Advanced Collaboration in Google Docs,0.519095778465271,QA171,15.1 Microsoft 365: Collaboration and Integration,0.48434942960739136
QA208,37,4,2.6 Collaboration,What is the role of videoconferencing in todayâs workplace?,"Videoconferencing is a crucial part of todayâs workplace as it allows for real-time communication and collaboration, enhancing teamwork and productivity.",1,0.8493484854698181,QA208,2.6 Collaboration,0.8493484854698181,QA209,2.6 Collaboration,0.4275001585483551,QA206,2.6 Collaboration,0.3815271258354187,QA386,7.3 Preparing a Microsoft PowerPoint Collection for Presentation,0.3381384611129761,QA023,"1.4 Safety, Security, Privacy, and the Ethical Use of Technology",0.33729466795921326
QA209,37,5,2.6 Collaboration,What are some examples of software programs that are used to run videoconferences?,"Examples of software programs that are used to run videoconferences include Zoom, Microsoft Teams, Google Meet, and Cisco Webex.",1,0.8874131441116333,QA209,2.6 Collaboration,0.8874131441116333,QA184,2.1 Software Basics,0.4815557599067688,QA183,2.1 Software Basics,0.4482121765613556,QA013,"1.3 The Internet, Cloud Computing, and the Internet of Things",0.4291922450065613,QA208,2.6 Collaboration,0.42019227147102356
QA210,37,6,2.6 Collaboration,How can you share and collaborate on documents through editing and commenting functions?,"You can share and collaborate on documents through editing and commenting functions. For example, you can edit a document in real-time, add comments to specific parts of the document, and see who has made what changes.",1,0.9294428825378418,QA210,2.6 Collaboration,0.9294428825378418,QA240,3.8 Collaborative Editing and Reviewing in Google Docs,0.5865122079849243,QA327,5.6 Advanced Collaboration in Google Docs,0.5736292600631714,QA332,5.6 Advanced Collaboration in Google Docs,0.5516571998596191,QA243,3.8 Collaborative Editing and Reviewing in Google Docs,0.5432426929473877
QA211,38,1,3.1 Navigating Microsoft Word,What are the five most frequently used tabs in Microsoft Word?,"The five most frequently used tabs in Microsoft Word are Home, Insert, Layout, Review, and View.",1,0.8569303750991821,QA211,3.1 Navigating Microsoft Word,0.8569303750991821,QA197,2.4 Essentials of Microsoft 365,0.593292236328125,QA251,4.1 Microsoft Word: Advanced Formatting Features,0.5838385820388794,QA307,5.3 Creating Forms in Microsoft Word,0.5183242559432983,QA311,5.3 Creating Forms in Microsoft Word,0.48124977946281433
QA212,38,2,3.1 Navigating Microsoft Word,What are the three ways to view a document in Microsoft Word?,"The three ways to view a document in Microsoft Word are to see an outline of the document, see thumbnails of the pages, and find and replace text.",1,0.8489164710044861,QA212,3.1 Navigating Microsoft Word,0.8489164710044861,QA213,3.1 Navigating Microsoft Word,0.6184754371643066,QA293,5.1 Creating Different Document Types in Microsoft Word,0.5994749069213867,QA220,3.3 Formatting Document Content in Microsoft Word,0.5660107731819153,QA249,4.1 Microsoft Word: Advanced Formatting Features,0.5454590320587158
QA213,38,3,3.1 Navigating Microsoft Word,What is the Navigation pane in Microsoft Word?,"The Navigation pane in Microsoft Word is a sidebar that allows the users to view the document in various ways. It gives the option to see an outline of the document, see thumbnails of the pages, and lets users find and replace text.",1,0.8703056573867798,QA213,3.1 Navigating Microsoft Word,0.8703056573867798,QA251,4.1 Microsoft Word: Advanced Formatting Features,0.5408547520637512,QA259,4.1 Microsoft Word: Advanced Formatting Features,0.5114281177520752,QA211,3.1 Navigating Microsoft Word,0.49748003482818604,QA239,3.8 Collaborative Editing and Reviewing in Google Docs,0.4906498193740845
QA214,38,4,3.1 Navigating Microsoft Word,How do you find and replace text in Microsoft Word?,"To find and replace text in Microsoft Word, you can use the Find and Replace function in the Home tab.",1,0.8635188937187195,QA214,3.1 Navigating Microsoft Word,0.8635188937187195,QA251,4.1 Microsoft Word: Advanced Formatting Features,0.4479685127735138,QA263,4.2 Working with Graphics and Text Tools in Microsoft Word,0.4358324110507965,QA212,3.1 Navigating Microsoft Word,0.42472338676452637,QA224,3.4 Collaborative Editing and Reviewing in Microsoft Word,0.4072710871696472
QA215,38,5,3.1 Navigating Microsoft Word,What are the benefits of using comments and track change in Microsoft Word?,"The benefits of using comments and track change in Microsoft Word include the ability to collaborate with others, keep track of changes made to the document, and review the history of the document.",1,0.8868266344070435,QA215,3.1 Navigating Microsoft Word,0.8868266344070435,QA224,3.4 Collaborative Editing and Reviewing in Microsoft Word,0.6276931762695312,QA329,5.6 Advanced Collaboration in Google Docs,0.5773905515670776,QA248,3.9 Versions and Version History,0.5728750228881836,QA244,3.9 Versions and Version History,0.546630322933197
QA216,39,1,3.2 Formatting Document Layout in Microsoft Word,What is the purpose of page setup configurations in Microsoft Word?,"The purpose of page setup configurations in Microsoft Word is to control the layout of the document, including the paper size, page margins, orientation, and the use of columns or sections.",1,0.9303100109100342,QA216,3.2 Formatting Document Layout in Microsoft Word,0.9303100109100342,QA237,3.7 Formatting Layout and Content in Google Docs,0.6710034012794495,QA249,4.1 Microsoft Word: Advanced Formatting Features,0.5722267627716064,QA441,9.2 Text and Numbers in Microsoft Excel,0.5622316002845764,QA255,4.1 Microsoft Word: Advanced Formatting Features,0.5297223329544067
QA217,39,2,3.2 Formatting Document Layout in Microsoft Word,What are the different types of page margins in Microsoft Word?,"The different types of page margins in Microsoft Word include left margin, right margin, top margin, and bottom margin.",1,0.838090181350708,QA217,3.2 Formatting Document Layout in Microsoft Word,0.838090181350708,QA216,3.2 Formatting Document Layout in Microsoft Word,0.5879591703414917,QA237,3.7 Formatting Layout and Content in Google Docs,0.5273154973983765,QA220,3.3 Formatting Document Content in Microsoft Word,0.4998549520969391,QA218,3.2 Formatting Document Layout in Microsoft Word,0.4920460283756256
QA218,39,3,3.2 Formatting Document Layout in Microsoft Word,How do you change the orientation of a document in Microsoft Word?,"To change the orientation of a document in Microsoft Word, you can use the ""Orientation"" option in the ""Page Setup"" dialog box.",1,0.9159432649612427,QA218,3.2 Formatting Document Layout in Microsoft Word,0.9159432649612427,QA212,3.1 Navigating Microsoft Word,0.5430638194084167,QA213,3.1 Navigating Microsoft Word,0.5296186208724976,QA216,3.2 Formatting Document Layout in Microsoft Word,0.5274676084518433,QA249,4.1 Microsoft Word: Advanced Formatting Features,0.5232535600662231
QA219,39,4,3.2 Formatting Document Layout in Microsoft Word,What is the difference between using columns and sections in Microsoft Word?,"The difference between using columns and sections in Microsoft Word is that columns allow you to divide a page into multiple columns, while sections allow you to divide a document into multiple sections with different page setups.",1,0.9161332845687866,QA219,3.2 Formatting Document Layout in Microsoft Word,0.9161332845687866,QA260,4.2 Working with Graphics and Text Tools in Microsoft Word,0.5268824100494385,QA216,3.2 Formatting Document Layout in Microsoft Word,0.5121018886566162,QA200,2.4 Essentials of Microsoft 365,0.4704383611679077,QA257,4.1 Microsoft Word: Advanced Formatting Features,0.45974040031433105
QA220,40,1,3.3 Formatting Document Content in Microsoft Word,"What are the three ways to format font types, sizes, and styles in Microsoft Word?","The three ways to format font types, sizes, and styles in Microsoft Word are through the Home",1,0.9183454513549805,QA220,3.3 Formatting Document Content in Microsoft Word,0.9183454513549805,QA293,5.1 Creating Different Document Types in Microsoft Word,0.5528346300125122,QA264,4.2 Working with Graphics and Text Tools in Microsoft Word,0.5279589891433716,QA257,4.1 Microsoft Word: Advanced Formatting Features,0.5057677030563354,QA249,4.1 Microsoft Word: Advanced Formatting Features,0.49496281147003174
QA221,41,1,3.4 Collaborative Editing and Reviewing in Microsoft Word,What is the purpose of the Review tab in Microsoft Word?,"The Review tab in Microsoft Word is used for proofing tools like spelling and grammar check, commenting, Track Changes, and document protection.",1,0.9344185590744019,QA221,3.4 Collaborative Editing and Reviewing in Microsoft Word,0.9344185590744019,QA442,9.2 Text and Numbers in Microsoft Excel,0.7496260404586792,QA307,5.3 Creating Forms in Microsoft Word,0.6204379200935364,QA222,3.4 Collaborative Editing and Reviewing in Microsoft Word,0.6072453856468201,QA260,4.2 Working with Graphics and Text Tools in Microsoft Word,0.523552656173706
QA222,41,2,3.4 Collaborative Editing and Reviewing in Microsoft Word,What are the features of the Review tab that are used for proofing tools?,"The features of the Review tab that are used for proofing tools include spelling and grammar check, commenting, Track Changes, and document protection.",1,0.8742355704307556,QA222,3.4 Collaborative Editing and Reviewing in Microsoft Word,0.8742355704307556,QA221,3.4 Collaborative Editing and Reviewing in Microsoft Word,0.7174704074859619,QA442,9.2 Text and Numbers in Microsoft Excel,0.6322336196899414,QA251,4.1 Microsoft Word: Advanced Formatting Features,0.5166124701499939,QA308,5.3 Creating Forms in Microsoft Word,0.5058501958847046
QA223,41,3,3.4 Collaborative Editing and Reviewing in Microsoft Word,What is the purpose of the Editor tool in Microsoft Word?,The Editor tool in Microsoft Word is used for deep grammar and style checks on your document.,1,0.8891468048095703,QA223,3.4 Collaborative Editing and Reviewing in Microsoft Word,0.8891468048095703,QA251,4.1 Microsoft Word: Advanced Formatting Features,0.6212623119354248,QA263,4.2 Working with Graphics and Text Tools in Microsoft Word,0.5979593992233276,QA269,4.3 Managing Long Documents in Microsoft Word,0.5948563814163208,QA239,3.8 Collaborative Editing and Reviewing in Google Docs,0.5809766054153442
QA224,41,4,3.4 Collaborative Editing and Reviewing in Microsoft Word,What is the function of the Track Changes feature in Microsoft Word?,The Track Changes feature in Microsoft Word allows users to see who made changes to a document and what those changes were.,1,0.8883898258209229,QA224,3.4 Collaborative Editing and Reviewing in Microsoft Word,0.8883898258209229,QA215,3.1 Navigating Microsoft Word,0.5923435091972351,QA244,3.9 Versions and Version History,0.5053183436393738,QA246,3.9 Versions and Version History,0.48278671503067017,QA225,3.4 Collaborative Editing and Reviewing in Microsoft Word,0.48162704706192017
QA225,41,5,3.4 Collaborative Editing and Reviewing in Microsoft Word,What is the purpose of the document protection feature in Microsoft Word?,The document protection feature in Microsoft Word is used to prevent unauthorized changes to a document.,1,0.9082021117210388,QA225,3.4 Collaborative Editing and Reviewing in Microsoft Word,0.9082021117210388,QA244,3.9 Versions and Version History,0.6315426826477051,QA246,3.9 Versions and Version History,0.5708959102630615,QA221,3.4 Collaborative Editing and Reviewing in Microsoft Word,0.5497599840164185,QA295,5.1 Creating Different Document Types in Microsoft Word,0.5237685441970825
QA226,42,1,3.5 Document Design,What is the purpose of themes in Microsoft Word?,"The purpose of themes in Microsoft Word is to autoformat document styles, allowing the user to modify the styles to their liking.",1,0.8614112138748169,QA226,3.5 Document Design,0.8614112138748169,QA295,5.1 Creating Different Document Types in Microsoft Word,0.5775633454322815,QA346,6.2 Designing a Presentation in Microsoft PowerPoint,0.5491818785667419,QA340,6.2 Designing a Presentation in Microsoft PowerPoint,0.5379596948623657,QA266,4.2 Working with Graphics and Text Tools in Microsoft Word,0.5027402639389038
QA227,42,2,3.5 Document Design,How can you modify the theme to your liking?,You can modify the theme to your liking by modifying the styles.,1,0.8172702789306641,QA227,3.5 Document Design,0.8172702789306641,QA382,7.2 Finalizing a Slide Collection,0.5627313852310181,QA228,3.5 Document Design,0.5181787610054016,QA351,6.3 Formatting Microsoft PowerPoint Slides: Layout and Design Principles,0.39445623755455017,QA346,6.2 Designing a Presentation in Microsoft PowerPoint,0.3768950402736664
QA228,42,3,3.5 Document Design,What are the options found on the Design tab?,The options found on the Design tab include features such as changing the background of your page and applying a watermark.,1,0.7316423654556274,QA228,3.5 Document Design,0.7316423654556274,QA346,6.2 Designing a Presentation in Microsoft PowerPoint,0.595284104347229,QA197,2.4 Essentials of Microsoft 365,0.4997650384902954,QA345,6.2 Designing a Presentation in Microsoft PowerPoint,0.4791722297668457,QA308,5.3 Creating Forms in Microsoft Word,0.46688514947891235
QA229,42,4,3.5 Document Design,What are the benefits of using the Page Background command group tools?,"The benefits of using the Page Background command group tools include the ability to make large changes to your whole document, such as changing the background of your page and applying a watermark.",1,0.9375404119491577,QA229,3.5 Document Design,0.9375404119491577,QA230,3.5 Document Design,0.742132306098938,QA268,4.3 Managing Long Documents in Microsoft Word,0.4960314929485321,QA263,4.2 Working with Graphics and Text Tools in Microsoft Word,0.4793305993080139,QA406,8.2 Common Content Management Systems,0.46371984481811523
QA230,42,5,3.5 Document Design,What is the difference between the Page Background command group tools and the Page Layout command group tools?,"The Page Background command group tools are used to change the background of your page and apply a watermark, while the Page Layout command group tools are used to adjust the layout of your page, such as changing the margins and headers/footers.",1,0.9120301008224487,QA230,3.5 Document Design,0.9120301008224487,QA229,3.5 Document Design,0.8143945932388306,QA268,4.3 Managing Long Documents in Microsoft Word,0.6199722290039062,QA358,6.4 Adding Visuals and Features to Microsoft PowerPoint Slides,0.5051960945129395,QA308,5.3 Creating Forms in Microsoft Word,0.5050786733627319
QA231,43,1,3.6 Navigating Google Docs,What are the similarities and differences between the menus in Google Docs compared to other word processing applications?,"The similarities between Google Docs menus and other word processing applications include the common use of File, Edit, View, Insert, Format, and Tools menus. The commands in each menu are similar to those in Word. The differences lie in the unique features and abilities of Google Docs, such as the Explore command and the action bar.",1,0.9175664186477661,QA231,3.6 Navigating Google Docs,0.9175664186477661,QA239,3.8 Collaborative Editing and Reviewing in Google Docs,0.7573911547660828,QA234,3.7 Formatting Layout and Content in Google Docs,0.5784035921096802,QA232,3.6 Navigating Google Docs,0.5748752355575562,QA200,2.4 Essentials of Microsoft 365,0.5704530477523804
QA232,43,2,3.6 Navigating Google Docs,What are the unique features and abilities of Google Docs?,"Google Docs' unique features and abilities include the Explore command, which allows users to search for and insert content from other sources, and the action bar, which contains some of the most frequently used tools in Docs.",1,0.8297919034957886,QA232,3.6 Navigating Google Docs,0.8297919034957886,QA332,5.6 Advanced Collaboration in Google Docs,0.6130062341690063,QA231,3.6 Navigating Google Docs,0.600873589515686,QA280,4.4 Google Docs: Enhanced Formatting Features,0.5891911387443542,QA242,3.8 Collaborative Editing and Reviewing in Google Docs,0.5731014609336853
QA233,43,3,3.6 Navigating Google Docs,How do you create a new Google Doc?,"To create a new Google Doc, you must first log in to your Google account and access Google Drive. After accessing Drive, you can click on the ""New"" button to create a new document.",1,0.7767970561981201,QA233,3.6 Navigating Google Docs,0.7767970561981201,QA318,5.4 Creating Different Document Types in Google Docs,0.6521068811416626,QA294,5.1 Creating Different Document Types in Microsoft Word,0.6183425188064575,QA315,5.4 Creating Different Document Types in Google Docs,0.5429537296295166,QA284,4.5 Working with Graphics and Text Tools in Google Docs,0.5404857397079468
QA234,44,1,3.7 Formatting Layout and Content in Google Docs,What is the main difference between the action bar and the Format menu in Google Docs?,"The action bar provides quick access to common formatting options, while the Format menu offers more detailed control over the document's appearance.",1,0.9339835047721863,QA234,3.7 Formatting Layout and Content in Google Docs,0.9339835047721863,QA369,6.6 Creating Google Slides: Layout and Text,0.8379544615745544,QA231,3.6 Navigating Google Docs,0.6655914187431335,QA466,9.5 Google Sheets Basics,0.6388760805130005,QA239,3.8 Collaborative Editing and Reviewing in Google Docs,0.5657626986503601
QA235,44,2,3.7 Formatting Layout and Content in Google Docs,What is a section break in Google Docs?,A section break in Google Docs is a line that separates different parts of the document. It allows you to apply different formatting to different sections of the document.,1,0.8733285665512085,QA235,3.7 Formatting Layout and Content in Google Docs,0.8733285665512085,QA287,4.6 Managing Long Documents in Google Docs,0.6580889821052551,QA291,4.6 Managing Long Documents in Google Docs,0.6127463579177856,QA266,4.2 Working with Graphics and Text Tools in Microsoft Word,0.49296441674232483,QA219,3.2 Formatting Document Layout in Microsoft Word,0.48004671931266785
QA236,44,3,3.7 Formatting Layout and Content in Google Docs,How can you access the review for this chapter?,You can access the review for this chapter at openstax.org.,1,0.8108978271484375,QA236,3.7 Formatting Layout and Content in Google Docs,0.8108978271484375,QA319,5.4 Creating Different Document Types in Google Docs,0.7122836112976074,QA221,3.4 Collaborative Editing and Reviewing in Microsoft Word,0.45596030354499817,QA442,9.2 Text and Numbers in Microsoft Excel,0.38123607635498047,QA345,6.2 Designing a Presentation in Microsoft PowerPoint,0.3335804343223572
QA237,44,4,3.7 Formatting Layout and Content in Google Docs,What are the configuration options for page setup in Google Docs?,"The configuration options for page setup in Google Docs include options for page orientation, margins, headers, footers, and page numbers.",1,0.8682496547698975,QA237,3.7 Formatting Layout and Content in Google Docs,0.8682496547698975,QA216,3.2 Formatting Document Layout in Microsoft Word,0.6802905797958374,QA277,4.4 Google Docs: Enhanced Formatting Features,0.5705828666687012,QA278,4.4 Google Docs: Enhanced Formatting Features,0.5404424071311951,QA249,4.1 Microsoft Word: Advanced Formatting Features,0.5117294788360596
QA238,45,1,3.8 Collaborative Editing and Reviewing in Google Docs,What is the purpose of the Suggesting mode in Google Docs?,"The purpose of the Suggesting mode in Google Docs is to allow multiple users to work on the same document simultaneously, providing real-time feedback and suggestions.",1,0.9019483327865601,QA238,3.8 Collaborative Editing and Reviewing in Google Docs,0.9019483327865601,QA241,3.8 Collaborative Editing and Reviewing in Google Docs,0.7401205897331238,QA239,3.8 Collaborative Editing and Reviewing in Google Docs,0.49387797713279724,QA255,4.1 Microsoft Word: Advanced Formatting Features,0.45222634077072144,QA289,4.6 Managing Long Documents in Google Docs,0.4414428174495697
QA239,45,2,3.8 Collaborative Editing and Reviewing in Google Docs,How does the Tools menu in Google Docs differ from the Tools menu in Word?,The Tools menu in Google Docs differs from the Tools menu in Word by including additional features such as the Suggesting mode and the ability to add collaborators.,1,0.9035910367965698,QA239,3.8 Collaborative Editing and Reviewing in Google Docs,0.9035910367965698,QA231,3.6 Navigating Google Docs,0.7565091848373413,QA223,3.4 Collaborative Editing and Reviewing in Microsoft Word,0.5884095430374146,QA232,3.6 Navigating Google Docs,0.57845139503479,QA251,4.1 Microsoft Word: Advanced Formatting Features,0.5754094123840332
QA240,45,3,3.8 Collaborative Editing and Reviewing in Google Docs,What are some practical applications of collaborative editing and reviewing in Google Docs?,"Some practical applications of collaborative editing and reviewing in Google Docs include team projects, research collaborations, and document sharing and review.",1,0.8897401094436646,QA240,3.8 Collaborative Editing and Reviewing in Google Docs,0.8897401094436646,QA242,3.8 Collaborative Editing and Reviewing in Google Docs,0.7445036172866821,QA243,3.8 Collaborative Editing and Reviewing in Google Docs,0.6823068857192993,QA332,5.6 Advanced Collaboration in Google Docs,0.6761898994445801,QA210,2.6 Collaboration,0.6057873964309692
QA241,45,4,3.8 Collaborative Editing and Reviewing in Google Docs,How does the Suggesting mode in Google Docs improve the efficiency of team collaboration?,"The Suggesting mode in Google Docs improves the efficiency of team collaboration by allowing multiple users to work on the same document simultaneously, providing real-time feedback and suggestions.",1,0.9439574480056763,QA241,3.8 Collaborative Editing and Reviewing in Google Docs,0.9439574480056763,QA238,3.8 Collaborative Editing and Reviewing in Google Docs,0.7634553909301758,QA332,5.6 Advanced Collaboration in Google Docs,0.5632972121238708,QA240,3.8 Collaborative Editing and Reviewing in Google Docs,0.5530088543891907,QA242,3.8 Collaborative Editing and Reviewing in Google Docs,0.5290719270706177
QA242,45,5,3.8 Collaborative Editing and Reviewing in Google Docs,What are the benefits of using Google Docs for collaborative editing and reviewing?,"The benefits of using Google Docs for collaborative editing and reviewing include the ability to work on a document simultaneously, access to real-time feedback, and the ability to review and comment on others' work.",1,0.8650277853012085,QA242,3.8 Collaborative Editing and Reviewing in Google Docs,0.8650277853012085,QA240,3.8 Collaborative Editing and Reviewing in Google Docs,0.8146457076072693,QA332,5.6 Advanced Collaboration in Google Docs,0.8026634454727173,QA243,3.8 Collaborative Editing and Reviewing in Google Docs,0.6381692290306091,QA241,3.8 Collaborative Editing and Reviewing in Google Docs,0.6016923189163208
QA243,45,6,3.8 Collaborative Editing and Reviewing in Google Docs,Can you provide an example of a time when you used Google Docs for collaborative editing and reviewing?,"An example of a time when I used Google Docs for collaborative editing and reviewing was during a team project where we needed to share and revise a document simultaneously. We used Google Docs to work on the document, provide feedback, and make revisions in real-time.",1,0.9081592559814453,QA243,3.8 Collaborative Editing and Reviewing in Google Docs,0.9081592559814453,QA240,3.8 Collaborative Editing and Reviewing in Google Docs,0.734351634979248,QA242,3.8 Collaborative Editing and Reviewing in Google Docs,0.6539775133132935,QA332,5.6 Advanced Collaboration in Google Docs,0.6184209585189819,QA241,3.8 Collaborative Editing and Reviewing in Google Docs,0.5883679389953613
QA244,46,1,3.9 Versions and Version History,What is the purpose of versioning in Docs and Word?,The purpose of versioning in Docs and Word is to allow users to save and restore previous versions of their document.,1,0.9189890623092651,QA244,3.9 Versions and Version History,0.9189890623092651,QA246,3.9 Versions and Version History,0.7725882530212402,QA248,3.9 Versions and Version History,0.7499436140060425,QA225,3.4 Collaborative Editing and Reviewing in Microsoft Word,0.5978127717971802,QA247,3.9 Versions and Version History,0.5371549725532532
QA245,46,2,3.9 Versions and Version History,How does Docs autosave work?,"Docs autosaves your document every 15 minutes, capturing minute-by-minute changes. These autosaved versions can be accessed, named, copied, and restored.",1,0.8736106157302856,QA245,3.9 Versions and Version History,0.8736106157302856,QA246,3.9 Versions and Version History,0.6093844175338745,QA244,3.9 Versions and Version History,0.47447890043258667,QA225,3.4 Collaborative Editing and Reviewing in Microsoft Word,0.4727439284324646,QA232,3.6 Navigating Google Docs,0.4184933602809906
QA246,46,3,3.9 Versions and Version History,What are the features of Word versioning that are similar to Docs versioning?,"Word versioning in Docs contains many of the same features as autosaving, including the ability to access, name, copy, and restore versions.",1,0.8862413167953491,QA246,3.9 Versions and Version History,0.8862413167953491,QA244,3.9 Versions and Version History,0.8229060173034668,QA248,3.9 Versions and Version History,0.729317843914032,QA247,3.9 Versions and Version History,0.5671469569206238,QA316,5.4 Creating Different Document Types in Google Docs,0.5365722179412842
QA247,46,4,3.9 Versions and Version History,"How can you access, name, copy, and restore versions in Docs?","You can access, name, copy, and restore versions in Docs by navigating to the 'File' menu, selecting 'Info', and then clicking on the 'Version History' tab.",1,0.9494756460189819,QA247,3.9 Versions and Version History,0.9494756460189819,QA246,3.9 Versions and Version History,0.6410502195358276,QA244,3.9 Versions and Version History,0.585898756980896,QA248,3.9 Versions and Version History,0.5098406076431274,QA245,3.9 Versions and Version History,0.49919795989990234
QA248,46,5,3.9 Versions and Version History,What are the benefits of having a version history in Docs and Word?,"The benefits of having a version history in Docs and Word include the ability to keep track of different versions, revert to previous versions if necessary, and compare changes between versions.",1,0.9148571491241455,QA248,3.9 Versions and Version History,0.9148571491241455,QA244,3.9 Versions and Version History,0.7786616683006287,QA246,3.9 Versions and Version History,0.7012325525283813,QA247,3.9 Versions and Version History,0.5532926917076111,QA215,3.1 Navigating Microsoft Word,0.5321866273880005
QA249,47,1,4.1 Microsoft Word: Advanced Formatting Features,What are the advanced configuration settings in Microsoft Word?,"Advanced configuration settings in Microsoft Word include options such as Word Options dialog box, Display settings, Proofing customizations, and the Advanced tab.",1,0.8781397342681885,QA249,4.1 Microsoft Word: Advanced Formatting Features,0.8781397342681885,QA216,3.2 Formatting Document Layout in Microsoft Word,0.6483816504478455,QA251,4.1 Microsoft Word: Advanced Formatting Features,0.5554090738296509,QA237,3.7 Formatting Layout and Content in Google Docs,0.5467019081115723,QA197,2.4 Essentials of Microsoft 365,0.5461153984069824
QA250,47,2,4.1 Microsoft Word: Advanced Formatting Features,How can you add and configure page numbers in Word?,"You can add and configure page numbers in Word by using the Page Layout dialog box. It has preformatted graphical designs, styles, and numbering systems.",1,0.8888787031173706,QA250,4.1 Microsoft Word: Advanced Formatting Features,0.8888787031173706,QA277,4.4 Google Docs: Enhanced Formatting Features,0.7336344718933105,QA216,3.2 Formatting Document Layout in Microsoft Word,0.5538442134857178,QA237,3.7 Formatting Layout and Content in Google Docs,0.5501671433448792,QA253,4.1 Microsoft Word: Advanced Formatting Features,0.4866411089897156
QA251,47,3,4.1 Microsoft Word: Advanced Formatting Features,What are the tools on the Insert tab in Word?,"The tools on the Insert tab in Word include features such as tables, pictures, fields, hyperlinks, bookmarks, and quick parts.",1,0.9115052223205566,QA251,4.1 Microsoft Word: Advanced Formatting Features,0.9115052223205566,QA197,2.4 Essentials of Microsoft 365,0.6017796397209167,QA223,3.4 Collaborative Editing and Reviewing in Microsoft Word,0.5868879556655884,QA239,3.8 Collaborative Editing and Reviewing in Google Docs,0.5568521022796631,QA264,4.2 Working with Graphics and Text Tools in Microsoft Word,0.554844856262207
QA252,47,4,4.1 Microsoft Word: Advanced Formatting Features,What are the types of lists in Word?,"The types of lists in Word include numbered, lettered, or bulleted.",1,0.8286488652229309,QA252,4.1 Microsoft Word: Advanced Formatting Features,0.8286488652229309,QA254,4.1 Microsoft Word: Advanced Formatting Features,0.6386008858680725,QA280,4.4 Google Docs: Enhanced Formatting Features,0.583756685256958,QA293,5.1 Creating Different Document Types in Microsoft Word,0.5656198263168335,QA211,3.1 Navigating Microsoft Word,0.5020065307617188
QA253,47,5,4.1 Microsoft Word: Advanced Formatting Features,How can you customize headers and footers in Word?,You can customize headers and footers in Word by using the Header and Footer dialog box.,1,0.9151252508163452,QA253,4.1 Microsoft Word: Advanced Formatting Features,0.9151252508163452,QA278,4.4 Google Docs: Enhanced Formatting Features,0.6867712736129761,QA261,4.2 Working with Graphics and Text Tools in Microsoft Word,0.475017786026001,QA250,4.1 Microsoft Word: Advanced Formatting Features,0.45596757531166077,QA483,9.8 Formatting and Templates in Google Sheets,0.4392925500869751
QA254,47,6,4.1 Microsoft Word: Advanced Formatting Features,What are the multilevel capabilities of each type of list in Word?,The multilevel capabilities of each type of list in Word include the ability to create nested lists.,1,0.886422872543335,QA254,4.1 Microsoft Word: Advanced Formatting Features,0.886422872543335,QA279,4.4 Google Docs: Enhanced Formatting Features,0.6444757580757141,QA252,4.1 Microsoft Word: Advanced Formatting Features,0.6160440444946289,QA280,4.4 Google Docs: Enhanced Formatting Features,0.49169349670410156,QA293,5.1 Creating Different Document Types in Microsoft Word,0.46142029762268066
QA255,47,7,4.1 Microsoft Word: Advanced Formatting Features,What is the purpose of the Word Options dialog box?,The Word Options dialog box is used to configure various settings for Microsoft Word.,1,0.9067275524139404,QA255,4.1 Microsoft Word: Advanced Formatting Features,0.9067275524139404,QA249,4.1 Microsoft Word: Advanced Formatting Features,0.4775961935520172,QA266,4.2 Working with Graphics and Text Tools in Microsoft Word,0.4772941768169403,QA238,3.8 Collaborative Editing and Reviewing in Google Docs,0.4586886167526245,QA223,3.4 Collaborative Editing and Reviewing in Microsoft Word,0.45425403118133545
QA256,47,8,4.1 Microsoft Word: Advanced Formatting Features,How do you insert a table in Word?,You can insert a table in Word by selecting Insert > Table from the menu.,1,0.8224674463272095,QA256,4.1 Microsoft Word: Advanced Formatting Features,0.8224674463272095,QA260,4.2 Working with Graphics and Text Tools in Microsoft Word,0.6568273901939392,QA251,4.1 Microsoft Word: Advanced Formatting Features,0.6451482772827148,QA284,4.5 Working with Graphics and Text Tools in Google Docs,0.6243264675140381,QA261,4.2 Working with Graphics and Text Tools in Microsoft Word,0.5734100937843323
QA257,47,9,4.1 Microsoft Word: Advanced Formatting Features,What are the different types of fields in Word?,"The different types of fields in Word include date and time fields, page fields, and document property fields.",1,0.7787757515907288,QA257,4.1 Microsoft Word: Advanced Formatting Features,0.7787757515907288,QA293,5.1 Creating Different Document Types in Microsoft Word,0.5489603281021118,QA264,4.2 Working with Graphics and Text Tools in Microsoft Word,0.5248222947120667,QA262,4.2 Working with Graphics and Text Tools in Microsoft Word,0.514910101890564,QA265,4.2 Working with Graphics and Text Tools in Microsoft Word,0.5086773633956909
QA258,47,10,4.1 Microsoft Word: Advanced Formatting Features,How can you insert a hyperlink in Word?,You can insert a hyperlink in Word by selecting Insert > Hyperlink from the menu.,1,0.8629053831100464,QA258,4.1 Microsoft Word: Advanced Formatting Features,0.8629053831100464,QA288,4.6 Managing Long Documents in Google Docs,0.6306765079498291,QA292,4.6 Managing Long Documents in Google Docs,0.6306765079498291,QA251,4.1 Microsoft Word: Advanced Formatting Features,0.505807101726532,QA180,15.2 Microsoft Word: Integration with Microsoft Excel and Microsoft Access,0.47884246706962585
QA259,47,11,4.1 Microsoft Word: Advanced Formatting Features,What is the purpose of the Bookmarks toolbar in Word?,The Bookmarks toolbar in Word is a toolbar that contains bookmark buttons. It allows you,1,0.941297173500061,QA259,4.1 Microsoft Word: Advanced Formatting Features,0.941297173500061,QA271,4.3 Managing Long Documents in Microsoft Word,0.7339310646057129,QA213,3.1 Navigating Microsoft Word,0.6255350112915039,QA292,4.6 Managing Long Documents in Google Docs,0.5744616985321045,QA288,4.6 Managing Long Documents in Google Docs,0.5744616985321045
QA260,48,1,4.2 Working with Graphics and Text Tools in Microsoft Word,What is the purpose of the Tables command in Microsoft Word?,"The purpose of the Tables command in Microsoft Word is to insert tables into the document, which can be used to summarize information into rows and columns.",1,0.9235423803329468,QA260,4.2 Working with Graphics and Text Tools in Microsoft Word,0.9235423803329468,QA284,4.5 Working with Graphics and Text Tools in Google Docs,0.6561756134033203,QA063,"11.1 Understanding Data, Data Validation, and Data Tables",0.5940410494804382,QA352,6.4 Adding Visuals and Features to Microsoft PowerPoint Slides,0.5829166173934937,QA024,10.1 Data Tables and Ranges,0.5600854754447937
QA261,48,2,4.2 Working with Graphics and Text Tools in Microsoft Word,"How can you customize the style, color, and font of a table in Word?","You can customize the style, color, and font of a table in Word by selecting the table, then going to the Table Design tab in the Home tab.",1,0.9207707643508911,QA261,4.2 Working with Graphics and Text Tools in Microsoft Word,0.9207707643508911,QA256,4.1 Microsoft Word: Advanced Formatting Features,0.5052103996276855,QA284,4.5 Working with Graphics and Text Tools in Google Docs,0.4873654246330261,QA253,4.1 Microsoft Word: Advanced Formatting Features,0.4821317791938782,QA220,3.3 Formatting Document Content in Microsoft Word,0.4528975784778595
QA262,48,3,4.2 Working with Graphics and Text Tools in Microsoft Word,"What are the different types of images, shapes, and charts that can be inserted into a Word document?","The different types of images, shapes, and charts that can be inserted into a Word document include images, shapes, SmartArt, charts, and screen captures.",1,0.9069153070449829,QA262,4.2 Working with Graphics and Text Tools in Microsoft Word,0.9069153070449829,QA293,5.1 Creating Different Document Types in Microsoft Word,0.6411969661712646,QA084,11.5 Data Analysis Charts,0.5705647468566895,QA189,2.2 Files and Folders,0.5679426193237305,QA318,5.4 Creating Different Document Types in Google Docs,0.5631793737411499
QA263,48,4,4.2 Working with Graphics and Text Tools in Microsoft Word,What is the purpose of the Text command group in Microsoft Word?,"The Text command group in Microsoft Word contains commands that let you insert autogenerated fields into your document, such as Quick Parts, Signature Line, and Date & Time.",1,0.9129403829574585,QA263,4.2 Working with Graphics and Text Tools in Microsoft Word,0.9129403829574585,QA229,3.5 Document Design,0.5534919500350952,QA223,3.4 Collaborative Editing and Reviewing in Microsoft Word,0.5417424440383911,QA260,4.2 Working with Graphics and Text Tools in Microsoft Word,0.5198779106140137,QA230,3.5 Document Design,0.4998830258846283
QA264,48,5,4.2 Working with Graphics and Text Tools in Microsoft Word,What are the different types of text-designing tools available in Word?,"The different types of text-designing tools available in Word include Drop Cap, WordArt, and Text Box.",1,0.8169571161270142,QA264,4.2 Working with Graphics and Text Tools in Microsoft Word,0.8169571161270142,QA251,4.1 Microsoft Word: Advanced Formatting Features,0.5984843373298645,QA293,5.1 Creating Different Document Types in Microsoft Word,0.5945111513137817,QA262,4.2 Working with Graphics and Text Tools in Microsoft Word,0.5207130908966064,QA257,4.1 Microsoft Word: Advanced Formatting Features,0.510985255241394
QA265,48,6,4.2 Working with Graphics and Text Tools in Microsoft Word,How can you insert autogenerated fields into a Word document?,"You can insert autogenerated fields into a Word document by going to the Insert tab, then selecting Quick Parts, Signature Line, or Date & Time.",1,0.9108613133430481,QA265,4.2 Working with Graphics and Text Tools in Microsoft Word,0.9108613133430481,QA294,5.1 Creating Different Document Types in Microsoft Word,0.5409253835678101,QA251,4.1 Microsoft Word: Advanced Formatting Features,0.5342553853988647,QA257,4.1 Microsoft Word: Advanced Formatting Features,0.5167991518974304,QA256,4.1 Microsoft Word: Advanced Formatting Features,0.4874964654445648
QA266,48,7,4.2 Working with Graphics and Text Tools in Microsoft Word,What is the purpose of the Quick Parts in Word?,The purpose of the Quick Parts in Word is to insert pre-defined text or graphics into your document.,1,0.9115179777145386,QA266,4.2 Working with Graphics and Text Tools in Microsoft Word,0.9115179777145386,QA263,4.2 Working with Graphics and Text Tools in Microsoft Word,0.5347712635993958,QA251,4.1 Microsoft Word: Advanced Formatting Features,0.5135253071784973,QA267,4.2 Working with Graphics and Text Tools in Microsoft Word,0.5031286478042603,QA223,3.4 Collaborative Editing and Reviewing in Microsoft Word,0.4967356026172638
QA267,48,8,4.2 Working with Graphics and Text Tools in Microsoft Word,What is the purpose of the Signature Line in Word?,The Signature Line in Word is a field that automatically inserts the name of the person who is typing the document.,1,0.9158652424812317,QA267,4.2 Working with Graphics and Text Tools in Microsoft Word,0.9158652424812317,QA263,4.2 Working with Graphics and Text Tools in Microsoft Word,0.5281878113746643,QA266,4.2 Working with Graphics and Text Tools in Microsoft Word,0.5065306425094604,QA223,3.4 Collaborative Editing and Reviewing in Microsoft Word,0.4675593078136444,QA302,5.2 Mail Merge in Microsoft Word,0.46639418601989746
QA268,49,1,4.3 Managing Long Documents in Microsoft Word,What are the three commands in the Pages command group?,"The three commands in the Pages command group are Page Break, Blank Page, and Cover Page.",1,0.8728271722793579,QA268,4.3 Managing Long Documents in Microsoft Word,0.8728271722793579,QA230,3.5 Document Design,0.5422728061676025,QA229,3.5 Document Design,0.5283941030502319,QA308,5.3 Creating Forms in Microsoft Word,0.5256133675575256,QA263,4.2 Working with Graphics and Text Tools in Microsoft Word,0.4945923686027527
QA269,49,2,4.3 Managing Long Documents in Microsoft Word,What is the purpose of the Format Painter tool?,The Format Painter tool is used to copy the exact formatting from one section of text and apply it to another place in the document.,1,0.8241367340087891,QA269,4.3 Managing Long Documents in Microsoft Word,0.8241367340087891,QA056,10.6 Advanced Formatting Techniques,0.7006047964096069,QA289,4.6 Managing Long Documents in Google Docs,0.6992224454879761,QA272,4.3 Managing Long Documents in Microsoft Word,0.6649572849273682,QA285,4.6 Managing Long Documents in Google Docs,0.6230881214141846
QA270,49,3,4.3 Managing Long Documents in Microsoft Word,What are the tools available on the References tab?,"The tools available on the References tab include generating a table of contents, a table of figures, adding footnotes, and adding endnotes.",1,0.8533921241760254,QA270,4.3 Managing Long Documents in Microsoft Word,0.8533921241760254,QA275,4.3 Managing Long Documents in Microsoft Word,0.5721451044082642,QA276,4.3 Managing Long Documents in Microsoft Word,0.5699336528778076,QA274,4.3 Managing Long Documents in Microsoft Word,0.5257805585861206,QA251,4.1 Microsoft Word: Advanced Formatting Features,0.5189864039421082
QA271,49,4,4.3 Managing Long Documents in Microsoft Word,What is the purpose of adding bookmarks in a document?,The purpose of adding bookmarks in a document is to allow readers to easily navigate within the document.,1,0.9245104789733887,QA271,4.3 Managing Long Documents in Microsoft Word,0.9245104789733887,QA259,4.1 Microsoft Word: Advanced Formatting Features,0.6953807473182678,QA288,4.6 Managing Long Documents in Google Docs,0.5876153707504272,QA292,4.6 Managing Long Documents in Google Docs,0.5876153707504272,QA267,4.2 Working with Graphics and Text Tools in Microsoft Word,0.46246016025543213
QA272,49,5,4.3 Managing Long Documents in Microsoft Word,How can the Format Painter tool be used in a document?,"The Format Painter tool can be used by selecting the text you want to copy the formatting from, clicking on the Format Painter tool in the Home tab, and then selecting the text where you want to apply the formatting.",1,0.8407843112945557,QA272,4.3 Managing Long Documents in Microsoft Word,0.8407843112945557,QA269,4.3 Managing Long Documents in Microsoft Word,0.8280115127563477,QA285,4.6 Managing Long Documents in Google Docs,0.7227122783660889,QA289,4.6 Managing Long Documents in Google Docs,0.7096842527389526,QA290,4.6 Managing Long Documents in Google Docs,0.7052135467529297
QA273,49,6,4.3 Managing Long Documents in Microsoft Word,"What is the difference between a table of contents, a table of figures, and a footnote?","A table of contents is a list of headings in a document, a table of figures is a list of figures and their captions, and a footnote is a reference or comment that is placed at the bottom of a page. An endnote is a reference or comment that is placed at the end of a document.",1,0.924549400806427,QA273,4.3 Managing Long Documents in Microsoft Word,0.924549400806427,QA270,4.3 Managing Long Documents in Microsoft Word,0.5321498513221741,QA274,4.3 Managing Long Documents in Microsoft Word,0.4931718707084656,QA275,4.3 Managing Long Documents in Microsoft Word,0.4811425805091858,QA276,4.3 Managing Long Documents in Microsoft Word,0.4300384819507599
QA274,49,7,4.3 Managing Long Documents in Microsoft Word,How can the References tab be used to generate a table of contents?,The References tab can be used to generate a table of contents by clicking on the Table of Contents button.,1,0.9492543935775757,QA274,4.3 Managing Long Documents in Microsoft Word,0.9492543935775757,QA270,4.3 Managing Long Documents in Microsoft Word,0.7165364027023315,QA275,4.3 Managing Long Documents in Microsoft Word,0.6942263841629028,QA276,4.3 Managing Long Documents in Microsoft Word,0.5726776719093323,QA273,4.3 Managing Long Documents in Microsoft Word,0.5054451823234558
QA275,49,8,4.3 Managing Long Documents in Microsoft Word,How can the References tab be used to generate a table of figures?,The References tab can be used to generate a table of figures by clicking on the Table of Figures button.,1,0.950677216053009,QA275,4.3 Managing Long Documents in Microsoft Word,0.950677216053009,QA270,4.3 Managing Long Documents in Microsoft Word,0.7053530216217041,QA274,4.3 Managing Long Documents in Microsoft Word,0.6648038029670715,QA276,4.3 Managing Long Documents in Microsoft Word,0.5641621947288513,QA284,4.5 Working with Graphics and Text Tools in Google Docs,0.4787778854370117
QA276,49,9,4.3 Managing Long Documents in Microsoft Word,How can the References tab be used to add footnotes?,9. The References tab can be used to add footnotes by clicking on the Footnotes button and then following the prompts to add a footnote,1,0.9237039685249329,QA276,4.3 Managing Long Documents in Microsoft Word,0.9237039685249329,QA270,4.3 Managing Long Documents in Microsoft Word,0.7607249021530151,QA275,4.3 Managing Long Documents in Microsoft Word,0.6131927967071533,QA274,4.3 Managing Long Documents in Microsoft Word,0.5979727506637573,QA273,4.3 Managing Long Documents in Microsoft Word,0.4638022184371948
QA277,50,1,4.4 Google Docs: Enhanced Formatting Features,What are the ways to customize page numbers in Google Docs?,"Google Docs allows users to customize page numbers by going to ""Page setup"" in the ""Page"" menu.",1,0.9160838723182678,QA277,4.4 Google Docs: Enhanced Formatting Features,0.9160838723182678,QA250,4.1 Microsoft Word: Advanced Formatting Features,0.6851333379745483,QA237,3.7 Formatting Layout and Content in Google Docs,0.5633248090744019,QA278,4.4 Google Docs: Enhanced Formatting Features,0.5292457938194275,QA318,5.4 Creating Different Document Types in Google Docs,0.4181373715400696
QA278,50,2,4.4 Google Docs: Enhanced Formatting Features,How can headers and footers be added and formatted in Google Docs?,"Headers and footers can be added and formatted in Google Docs by going to ""Page setup"" in the ""Page"" menu and selecting ""Headers & footers"".",1,0.9289448261260986,QA278,4.4 Google Docs: Enhanced Formatting Features,0.9289448261260986,QA253,4.1 Microsoft Word: Advanced Formatting Features,0.6583575010299683,QA237,3.7 Formatting Layout and Content in Google Docs,0.5449963212013245,QA483,9.8 Formatting and Templates in Google Sheets,0.5227904915809631,QA318,5.4 Creating Different Document Types in Google Docs,0.487824410200119
QA279,50,3,4.4 Google Docs: Enhanced Formatting Features,How is making multilevel lists in Google Docs similar to the same process in Microsoft Word?,"Making multilevel lists in Google Docs is similar to the same process in Microsoft Word. You can create a list by pressing ""Enter"" after typing your list item, and then pressing ""Tab"" to indent the list.",1,0.9363284111022949,QA279,4.4 Google Docs: Enhanced Formatting Features,0.9363284111022949,QA254,4.1 Microsoft Word: Advanced Formatting Features,0.6777923107147217,QA280,4.4 Google Docs: Enhanced Formatting Features,0.5120507478713989,QA318,5.4 Creating Different Document Types in Google Docs,0.49542737007141113,QA331,5.6 Advanced Collaboration in Google Docs,0.49450555443763733
QA280,50,4,4.4 Google Docs: Enhanced Formatting Features,What is a unique feature of Google Docs that is not present in Microsoft Word?,"One unique feature of Google Docs that is not present in Microsoft Word is the ""checklists"", which are a form of bulleted list that can be checked off when completed.",1,0.7460387349128723,QA280,4.4 Google Docs: Enhanced Formatting Features,0.7460387349128723,QA232,3.6 Navigating Google Docs,0.6907709836959839,QA246,3.9 Versions and Version History,0.6531386375427246,QA244,3.9 Versions and Version History,0.6176777482032776,QA239,3.8 Collaborative Editing and Reviewing in Google Docs,0.6139096021652222
QA281,51,1,4.5 Working with Graphics and Text Tools in Google Docs,What is the purpose of the Docs interactive character map?,"The Docs interactive character map allows users to search for symbols and special characters using text, Unicode references, or by drawing it.",1,0.9249351024627686,QA281,4.5 Working with Graphics and Text Tools in Google Docs,0.9249351024627686,QA374,6.7 Adding Visuals and Features to Google Slides,0.4788020849227905,QA289,4.6 Managing Long Documents in Google Docs,0.456552654504776,QA267,4.2 Working with Graphics and Text Tools in Microsoft Word,0.4211132526397705,QA282,4.5 Working with Graphics and Text Tools in Google Docs,0.4154875874519348
QA282,51,2,4.5 Working with Graphics and Text Tools in Google Docs,How does the Drawings tool in Google Docs work?,The Drawings tool in Google Docs allows users to easily create a custom shape and insert it into their Doc.,1,0.8823337554931641,QA282,4.5 Working with Graphics and Text Tools in Google Docs,0.8823337554931641,QA283,4.5 Working with Graphics and Text Tools in Google Docs,0.6677389740943909,QA358,6.4 Adding Visuals and Features to Microsoft PowerPoint Slides,0.5923385620117188,QA289,4.6 Managing Long Documents in Google Docs,0.589111864566803,QA285,4.6 Managing Long Documents in Google Docs,0.5781347751617432
QA283,51,3,4.5 Working with Graphics and Text Tools in Google Docs,What are the differences between the Drawings tool and Wordâs SmartArt capabilities?,The Drawings tool in Google Docs is not as robust as Wordâs SmartArt capabilities. It lacks some of the features that are present in Word's SmartArt.,1,0.891705334186554,QA283,4.5 Working with Graphics and Text Tools in Google Docs,0.891705334186554,QA282,4.5 Working with Graphics and Text Tools in Google Docs,0.5855473875999451,QA356,6.4 Adding Visuals and Features to Microsoft PowerPoint Slides,0.5433346033096313,QA239,3.8 Collaborative Editing and Reviewing in Google Docs,0.5235798954963684,QA358,6.4 Adding Visuals and Features to Microsoft PowerPoint Slides,0.4978655278682709
QA284,51,4,4.5 Working with Graphics and Text Tools in Google Docs,How are tables created in Google Docs?,Tables are created in Google Docs in almost exactly the same way as in Word: by having a drop-down menu with an interactive row and column designer.,1,0.9264048933982849,QA284,4.5 Working with Graphics and Text Tools in Google Docs,0.9264048933982849,QA260,4.2 Working with Graphics and Text Tools in Microsoft Word,0.6764695644378662,QA471,9.6 Text and Numbers in Google Sheets,0.6468366384506226,QA352,6.4 Adding Visuals and Features to Microsoft PowerPoint Slides,0.5596283674240112,QA256,4.1 Microsoft Word: Advanced Formatting Features,0.5590168237686157
QA285,52,1,4.6 Managing Long Documents in Google Docs,What is the Paint format command in Docs?,The Paint format command in Docs is used to apply the formatting of a selected area to another area of the document.,1,0.8958317041397095,QA285,4.6 Managing Long Documents in Google Docs,0.8958317041397095,QA289,4.6 Managing Long Documents in Google Docs,0.850942850112915,QA290,4.6 Managing Long Documents in Google Docs,0.7620864510536194,QA286,4.6 Managing Long Documents in Google Docs,0.7620864510536194,QA269,4.3 Managing Long Documents in Microsoft Word,0.5902073979377747
QA286,52,2,4.6 Managing Long Documents in Google Docs,How does the Paint format command in Docs differ from the Format Painter in Word?,"The Paint format command in Docs is the same as the Format Painter in Word, as it can copy text formatting to apply it to another area of the document.",2,0.9195507764816284,QA290,4.6 Managing Long Documents in Google Docs,0.9195507764816284,QA286,4.6 Managing Long Documents in Google Docs,0.9195507764816284,QA289,4.6 Managing Long Documents in Google Docs,0.8570472002029419,QA285,4.6 Managing Long Documents in Google Docs,0.8505308628082275,QA269,4.3 Managing Long Documents in Microsoft Word,0.7021571397781372
QA287,52,3,4.6 Managing Long Documents in Google Docs,What is the purpose of section breaks and headings in producing tables of contents automatically?,Section breaks and headings are important for producing tables of contents automatically because they help organize the document and make it easier to navigate.,1,0.9468163251876831,QA287,4.6 Managing Long Documents in Google Docs,0.9468163251876831,QA291,4.6 Managing Long Documents in Google Docs,0.8934139013290405,QA235,3.7 Formatting Layout and Content in Google Docs,0.5821376442909241,QA260,4.2 Working with Graphics and Text Tools in Microsoft Word,0.5109949707984924,QA266,4.2 Working with Graphics and Text Tools in Microsoft Word,0.4430292546749115
QA288,52,4,4.6 Managing Long Documents in Google Docs,How can you use hyperlinks and bookmarks in Docs the same way as in Word?,Hyperlinks and bookmarks can be used the same way in Docs as in Word; they help the user navigate the document by providing quick access to specific parts of the document.,1,0.9164057970046997,QA288,4.6 Managing Long Documents in Google Docs,0.9164057970046997,QA292,4.6 Managing Long Documents in Google Docs,0.9164057970046997,QA258,4.1 Microsoft Word: Advanced Formatting Features,0.6217638254165649,QA271,4.3 Managing Long Documents in Microsoft Word,0.6036854982376099,QA259,4.1 Microsoft Word: Advanced Formatting Features,0.5952901840209961
QA289,52,5,4.6 Managing Long Documents in Google Docs,What is the purpose of the Paint format command in Docs?,The Paint format command in Docs is used to apply the formatting of a selected area to another area of the document.,1,0.9240665435791016,QA289,4.6 Managing Long Documents in Google Docs,0.9240665435791016,QA285,4.6 Managing Long Documents in Google Docs,0.8581639528274536,QA290,4.6 Managing Long Documents in Google Docs,0.773827314376831,QA286,4.6 Managing Long Documents in Google Docs,0.773827314376831,QA269,4.3 Managing Long Documents in Microsoft Word,0.6876373887062073
QA290,52,6,4.6 Managing Long Documents in Google Docs,How does the Paint format command in Docs differ from the Format Painter in Word?,"The Paint format command in Docs is the same as the Format Painter in Word, as it can copy text formatting to apply it to another area of the document.",1,0.9195507764816284,QA290,4.6 Managing Long Documents in Google Docs,0.9195507764816284,QA286,4.6 Managing Long Documents in Google Docs,0.9195507764816284,QA289,4.6 Managing Long Documents in Google Docs,0.8570472002029419,QA285,4.6 Managing Long Documents in Google Docs,0.8505308628082275,QA269,4.3 Managing Long Documents in Microsoft Word,0.7021571397781372
QA291,52,7,4.6 Managing Long Documents in Google Docs,What is the importance of section breaks and headings in producing tables of contents automatically?,Section breaks and headings are important for producing tables of contents automatically because they help organize the document and make it easier to navigate.,2,0.9319471120834351,QA287,4.6 Managing Long Documents in Google Docs,0.9438256025314331,QA291,4.6 Managing Long Documents in Google Docs,0.9319471120834351,QA235,3.7 Formatting Layout and Content in Google Docs,0.5644737482070923,QA260,4.2 Working with Graphics and Text Tools in Microsoft Word,0.46322670578956604,QA352,6.4 Adding Visuals and Features to Microsoft PowerPoint Slides,0.42126527428627014
QA292,52,8,4.6 Managing Long Documents in Google Docs,How can you use hyperlinks and bookmarks in Docs the same way as in Word?,Hyperlinks and bookmarks can be used the same way in Docs as in Word; they help the user navigate the document by providing quick access to specific parts of the document.,2,0.9164057970046997,QA288,4.6 Managing Long Documents in Google Docs,0.9164057970046997,QA292,4.6 Managing Long Documents in Google Docs,0.9164057970046997,QA258,4.1 Microsoft Word: Advanced Formatting Features,0.6217638254165649,QA271,4.3 Managing Long Documents in Microsoft Word,0.6036854982376099,QA259,4.1 Microsoft Word: Advanced Formatting Features,0.5952901840209961
QA293,53,1,5.1 Creating Different Document Types in Microsoft Word,What are the different types of documents that can be created in Microsoft Word?,"Different types of documents in Word include email, printed business memos, letterhead and printed envelopes, business cards, brochures, flyers, invoices, and business plans.",1,0.8294607400894165,QA293,5.1 Creating Different Document Types in Microsoft Word,0.8294607400894165,QA318,5.4 Creating Different Document Types in Google Docs,0.703852653503418,QA317,5.4 Creating Different Document Types in Google Docs,0.6852730512619019,QA294,5.1 Creating Different Document Types in Microsoft Word,0.6564272046089172,QA264,4.2 Working with Graphics and Text Tools in Microsoft Word,0.630276083946228
QA294,53,2,5.1 Creating Different Document Types in Microsoft Word,How can you create a document from scratch in Word?,"You can create a document from scratch in Word by selecting ""Blank Document"" from the ""File"" menu.",1,0.8871893882751465,QA294,5.1 Creating Different Document Types in Microsoft Word,0.8871893882751465,QA265,4.2 Working with Graphics and Text Tools in Microsoft Word,0.6052150726318359,QA318,5.4 Creating Different Document Types in Google Docs,0.5933364629745483,QA293,5.1 Creating Different Document Types in Microsoft Word,0.5921003818511963,QA251,4.1 Microsoft Word: Advanced Formatting Features,0.5634048581123352
QA295,53,3,5.1 Creating Different Document Types in Microsoft Word,What are the benefits of using templates in Word?,Templates in Word allow you to save a set of pre-formatted settings that you can use to create multiple documents. This saves time and ensures consistency in your documents.,1,0.8758851289749146,QA295,5.1 Creating Different Document Types in Microsoft Word,0.8758851289749146,QA340,6.2 Designing a Presentation in Microsoft PowerPoint,0.579499363899231,QA316,5.4 Creating Different Document Types in Google Docs,0.5751346349716187,QA226,3.5 Document Design,0.5622866749763489,QA315,5.4 Creating Different Document Types in Google Docs,0.5492850542068481
QA296,53,4,5.1 Creating Different Document Types in Microsoft Word,What is the purpose of letterhead and printed envelopes in business communication?,"Letterheads display your name and contact information, while printed envelopes add a look of professionalism to your communication.",1,0.8604001402854919,QA296,5.1 Creating Different Document Types in Microsoft Word,0.8604001402854919,QA302,5.2 Mail Merge in Microsoft Word,0.4665970802307129,QA267,4.2 Working with Graphics and Text Tools in Microsoft Word,0.45993486046791077,QA441,9.2 Text and Numbers in Microsoft Excel,0.42043614387512207,QA094,12.1 Basic Accounting,0.41535645723342896
QA297,53,5,5.1 Creating Different Document Types in Microsoft Word,How can you design and print business cards in Word?,"You can design and print business cards in Word by creating a new document, then using the ""Business Card"" template.",1,0.8779494762420654,QA297,5.1 Creating Different Document Types in Microsoft Word,0.8779494762420654,QA317,5.4 Creating Different Document Types in Google Docs,0.5474451780319214,QA293,5.1 Creating Different Document Types in Microsoft Word,0.5405979156494141,QA298,5.1 Creating Different Document Types in Microsoft Word,0.4441484212875366,QA220,3.3 Formatting Document Content in Microsoft Word,0.4299101233482361
QA298,53,6,5.1 Creating Different Document Types in Microsoft Word,"What are brochures and flyers, and how can they be used for digital and print advertising?","Brochures and flyers are forms of print advertising that can be used for both digital and print advertising. They often contain text, images, and other visual elements.",1,0.9103113412857056,QA298,5.1 Creating Different Document Types in Microsoft Word,0.9103113412857056,QA297,5.1 Creating Different Document Types in Microsoft Word,0.3794819116592407,QA317,5.4 Creating Different Document Types in Google Docs,0.3675716817378998,QA296,5.1 Creating Different Document Types in Microsoft Word,0.35477375984191895,QA293,5.1 Creating Different Document Types in Microsoft Word,0.33909690380096436
QA299,53,7,5.1 Creating Different Document Types in Microsoft Word,What is an invoice and how can it be created in Microsoft Word?,"An invoice in Word can be created using a template, which contains sections for the billing information, items being billed, and any applicable taxes or fees.",1,0.8903471827507019,QA299,5.1 Creating Different Document Types in Microsoft Word,0.8903471827507019,QA293,5.1 Creating Different Document Types in Microsoft Word,0.4817812442779541,QA294,5.1 Creating Different Document Types in Microsoft Word,0.4380737841129303,QA251,4.1 Microsoft Word: Advanced Formatting Features,0.4207139313220978,QA310,5.3 Creating Forms in Microsoft Word,0.41375070810317993
QA300,53,8,5.1 Creating Different Document Types in Microsoft Word,What is a business plan and how can it be created?,"A business plan is a detailed plan that outlines your company's financials, goals, and strategies. It usually includes sections for market analysis, competition, and your company's unique selling proposition.",1,0.8406714797019958,QA300,5.1 Creating Different Document Types in Microsoft Word,0.8406714797019958,QA301,5.1 Creating Different Document Types in Microsoft Word,0.5944318175315857,QA098,12.2 Financial Functions in Microsoft Excel,0.42128586769104004,QA411,8.3 Creating Content with a Content Management System,0.4189033806324005,QA029,10.2 More About Formulas,0.3734284043312073
QA301,53,9,5.1 Creating Different Document Types in Microsoft Word,What is the standard layout of a business plan?,"The standard layout of a business plan typically includes sections for the purpose of the plan, objectives, market analysis, competition, organization, and financial pro",1,0.8767452836036682,QA301,5.1 Creating Different Document Types in Microsoft Word,0.8767452836036682,QA300,5.1 Creating Different Document Types in Microsoft Word,0.6017435789108276,QA350,6.3 Formatting Microsoft PowerPoint Slides: Layout and Design Principles,0.39349663257598877,QA155,14.3 Customizing Forms,0.38098379969596863,QA317,5.4 Creating Different Document Types in Google Docs,0.37246960401535034
QA302,54,1,5.2 Mail Merge in Microsoft Word,What is the purpose of mail merge in Microsoft Word?,The purpose of mail merge in Microsoft Word is to personalize dozens or hundreds of form letters by inserting data from a source document into a main document.,1,0.9228038787841797,QA302,5.2 Mail Merge in Microsoft Word,0.9228038787841797,QA305,5.2 Mail Merge in Microsoft Word,0.7387030720710754,QA304,5.2 Mail Merge in Microsoft Word,0.6112735271453857,QA306,5.2 Mail Merge in Microsoft Word,0.6002561450004578,QA267,4.2 Working with Graphics and Text Tools in Microsoft Word,0.47238650918006897
QA303,54,2,5.2 Mail Merge in Microsoft Word,How do you designate where the custom fields will be in the main document?,You designate where the custom fields will be in the main document by highlighting them.,1,0.9272538423538208,QA303,5.2 Mail Merge in Microsoft Word,0.9272538423538208,QA265,4.2 Working with Graphics and Text Tools in Microsoft Word,0.34764915704727173,QA257,4.1 Microsoft Word: Advanced Formatting Features,0.33717823028564453,QA301,5.1 Creating Different Document Types in Microsoft Word,0.3371158242225647,QA304,5.2 Mail Merge in Microsoft Word,0.33447012305259705
QA304,54,3,5.2 Mail Merge in Microsoft Word,What is a source document in the context of mail merge?,A source document is a place where you have all of your recipientsâ information. The information you include here will go into the custom fields in the main document.,1,0.8916658163070679,QA304,5.2 Mail Merge in Microsoft Word,0.8916658163070679,QA302,5.2 Mail Merge in Microsoft Word,0.7039024233818054,QA305,5.2 Mail Merge in Microsoft Word,0.673656165599823,QA306,5.2 Mail Merge in Microsoft Word,0.6106700897216797,QA177,15.1 Microsoft 365: Collaboration and Integration,0.45580801367759705
QA305,54,4,5.2 Mail Merge in Microsoft Word,What is the process of completing a mail merge?,The process of completing a mail merge involves combining the main document and the source document. The resulting item will be the merged document. Word will create one letter for each recipient you designated in a single document.,1,0.8242897987365723,QA305,5.2 Mail Merge in Microsoft Word,0.8242897987365723,QA302,5.2 Mail Merge in Microsoft Word,0.6868883371353149,QA304,5.2 Mail Merge in Microsoft Word,0.554080069065094,QA306,5.2 Mail Merge in Microsoft Word,0.5471302270889282,QA457,9.4 Formatting and Templates in Microsoft Excel,0.3751351237297058
QA306,54,5,5.2 Mail Merge in Microsoft Word,What is the result of a merged document?,The result of a merged document is a single document that contains one letter for each recipient you designated. Each letter is personalized with data from the source document.,1,0.8767193555831909,QA306,5.2 Mail Merge in Microsoft Word,0.8767193555831909,QA305,5.2 Mail Merge in Microsoft Word,0.6281964778900146,QA302,5.2 Mail Merge in Microsoft Word,0.5686555504798889,QA304,5.2 Mail Merge in Microsoft Word,0.5628149509429932,QA457,9.4 Formatting and Templates in Microsoft Excel,0.3948008418083191
QA307,55,1,5.3 Creating Forms in Microsoft Word,What is the purpose of the Developer tab in Microsoft Word?,"The Developer tab in Microsoft Word is used for making forms, macros, handling add-ons/templates, and other advanced processes.",1,0.9416749477386475,QA307,5.3 Creating Forms in Microsoft Word,0.9416749477386475,QA311,5.3 Creating Forms in Microsoft Word,0.6841214895248413,QA308,5.3 Creating Forms in Microsoft Word,0.6295713186264038,QA221,3.4 Collaborative Editing and Reviewing in Microsoft Word,0.6035155057907104,QA251,4.1 Microsoft Word: Advanced Formatting Features,0.5435638427734375
QA308,55,2,5.3 Creating Forms in Microsoft Word,What are the tools in the Controls command group of the Developer tab used for?,The tools in the Controls command group of the Developer tab are used for creating different types of questions for forms.,1,0.8881877660751343,QA308,5.3 Creating Forms in Microsoft Word,0.8881877660751343,QA307,5.3 Creating Forms in Microsoft Word,0.6425926089286804,QA222,3.4 Collaborative Editing and Reviewing in Microsoft Word,0.4847000241279602,QA251,4.1 Microsoft Word: Advanced Formatting Features,0.4693986773490906,QA229,3.5 Document Design,0.4500960409641266
QA309,55,3,5.3 Creating Forms in Microsoft Word,What are the different types of questions that can be created using content control fields?,"The different types of questions that can be created using content control fields include text boxes, drop-down boxes, and check boxes.",1,0.8992054462432861,QA309,5.3 Creating Forms in Microsoft Word,0.8992054462432861,QA312,5.3 Creating Forms in Microsoft Word,0.6778515577316284,QA322,5.5 Creating Forms in Google Docs,0.5948896408081055,QA314,5.3 Creating Forms in Microsoft Word,0.5844447612762451,QA308,5.3 Creating Forms in Microsoft Word,0.4976862967014313
QA310,55,4,5.3 Creating Forms in Microsoft Word,What is the multistep process for creating a fillable form in Word?,"The multistep process for creating a fillable form in Word includes creating the questions, choosing the question types, adding in the content control fields, and finally editing the properties for each question.",1,0.8598183393478394,QA310,5.3 Creating Forms in Microsoft Word,0.8598183393478394,QA265,4.2 Working with Graphics and Text Tools in Microsoft Word,0.44101157784461975,QA299,5.1 Creating Different Document Types in Microsoft Word,0.4090682566165924,QA294,5.1 Creating Different Document Types in Microsoft Word,0.4089824855327606,QA305,5.2 Mail Merge in Microsoft Word,0.3997657001018524
QA311,55,5,5.3 Creating Forms in Microsoft Word,How do you manually activate the Developer tab in Word?,"To manually activate the Developer tab in Word, you need to go to the 'File' tab, click on 'Options', then 'Customize Ribbon', and finally check the box for 'Developer' under 'Main Tabs'.",1,0.9264487028121948,QA311,5.3 Creating Forms in Microsoft Word,0.9264487028121948,QA307,5.3 Creating Forms in Microsoft Word,0.7301270961761475,QA251,4.1 Microsoft Word: Advanced Formatting Features,0.49885812401771545,QA308,5.3 Creating Forms in Microsoft Word,0.46428182721138,QA211,3.1 Navigating Microsoft Word,0.4268991947174072
QA312,55,6,5.3 Creating Forms in Microsoft Word,What is the purpose of content control fields in creating forms?,The purpose of content control fields in creating forms is to allow the respondent to answer the questions in the form.,1,0.8871468305587769,QA312,5.3 Creating Forms in Microsoft Word,0.8871468305587769,QA309,5.3 Creating Forms in Microsoft Word,0.6258009076118469,QA153,14.3 Customizing Forms,0.5490716099739075,QA139,13.6 Creating Forms in Microsoft Access,0.5086115002632141,QA320,5.5 Creating Forms in Google Docs,0.48886197805404663
QA313,55,7,5.3 Creating Forms in Microsoft Word,What is the difference between a fillable form and a non-fillable form?,"A fillable form is one where the respondent can fill in the answers, while a non-fillable form is one where the respondent can't change the answers after they've been filled in.",1,0.8459663391113281,QA313,5.3 Creating Forms in Microsoft Word,0.8459663391113281,QA139,13.6 Creating Forms in Microsoft Access,0.4731426537036896,QA153,14.3 Customizing Forms,0.4668218791484833,QA136,13.5 Creating Reports in Microsoft Access,0.43711861968040466,QA320,5.5 Creating Forms in Google Docs,0.4369029402732849
QA314,55,8,5.3 Creating Forms in Microsoft Word,What is the process for choosing the question types in creating a form?,The process for choosing the question types in creating a form involves selecting the appropriate question type from the list of available question types.,1,0.9013606905937195,QA314,5.3 Creating Forms in Microsoft Word,0.9013606905937195,QA322,5.5 Creating Forms in Google Docs,0.6915098428726196,QA310,5.3 Creating Forms in Microsoft Word,0.625478982925415,QA309,5.3 Creating Forms in Microsoft Word,0.5833951830863953,QA321,5.5 Creating Forms in Google Docs,0.46409544348716736
QA315,56,1,5.4 Creating Different Document Types in Google Docs,What does Docs let you create and publish your own templates?,Docs lets you create and publish your own templates.,1,0.9052319526672363,QA315,5.4 Creating Different Document Types in Google Docs,0.9052319526672363,QA295,5.1 Creating Different Document Types in Microsoft Word,0.6209617853164673,QA317,5.4 Creating Different Document Types in Google Docs,0.6096498966217041,QA316,5.4 Creating Different Document Types in Google Docs,0.590721607208252,QA462,9.4 Formatting and Templates in Microsoft Excel,0.4679732620716095
QA316,56,2,5.4 Creating Different Document Types in Google Docs,How does Docs compare to Word in terms of the number of default templates available?,Docs does not have as many templates as Word in its default Template Gallery.,1,0.9449934959411621,QA316,5.4 Creating Different Document Types in Google Docs,0.9449934959411621,QA295,5.1 Creating Different Document Types in Microsoft Word,0.6556941270828247,QA317,5.4 Creating Different Document Types in Google Docs,0.6454201936721802,QA315,5.4 Creating Different Document Types in Google Docs,0.6288384199142456,QA293,5.1 Creating Different Document Types in Microsoft Word,0.5585647821426392
QA317,56,3,5.4 Creating Different Document Types in Google Docs,"What are the limitations of Docs in terms of creating specific document types like business memos, envelopes, business cards, flyers, brochures, or invoices?","Docs does not have default templates for business memos, envelopes, business cards, flyers, brochures, or invoices.",1,0.9292846918106079,QA317,5.4 Creating Different Document Types in Google Docs,0.9292846918106079,QA293,5.1 Creating Different Document Types in Microsoft Word,0.6781182289123535,QA318,5.4 Creating Different Document Types in Google Docs,0.5942506790161133,QA316,5.4 Creating Different Document Types in Google Docs,0.5177282691001892,QA315,5.4 Creating Different Document Types in Google Docs,0.5141183137893677
QA318,56,4,5.4 Creating Different Document Types in Google Docs,How can you create these specific document types in Google Docs?,These can all be made from scratch in Google Docs.,1,0.9359450340270996,QA318,5.4 Creating Different Document Types in Google Docs,0.9359450340270996,QA317,5.4 Creating Different Document Types in Google Docs,0.6259757280349731,QA293,5.1 Creating Different Document Types in Microsoft Word,0.6177855730056763,QA262,4.2 Working with Graphics and Text Tools in Microsoft Word,0.5389699935913086,QA189,2.2 Files and Folders,0.5066142082214355
QA319,56,5,5.4 Creating Different Document Types in Google Docs,Where can you access the review questions for this chapter?,The review questions for this chapter can be accessed at openstax.org.,1,0.792249321937561,QA319,5.4 Creating Different Document Types in Google Docs,0.792249321937561,QA236,3.7 Formatting Layout and Content in Google Docs,0.7688458561897278,QA221,3.4 Collaborative Editing and Reviewing in Microsoft Word,0.40353232622146606,QA442,9.2 Text and Numbers in Microsoft Excel,0.3477395176887512,QA222,3.4 Collaborative Editing and Reviewing in Microsoft Word,0.3298114538192749
QA320,57,1,5.5 Creating Forms in Google Docs,What is the purpose of Google Forms?,"The purpose of Google Forms is to allow users to send a form electronically, and automatically tabulates their answers.",1,0.8245599269866943,QA320,5.5 Creating Forms in Google Docs,0.8245599269866943,QA139,13.6 Creating Forms in Microsoft Access,0.6278951168060303,QA322,5.5 Creating Forms in Google Docs,0.5038516521453857,QA170,14.6 Data Analysis and Integration,0.49896377325057983,QA168,14.6 Data Analysis and Integration,0.4980603754520416
QA321,57,2,5.5 Creating Forms in Google Docs,How can you create a form from scratch in Google Forms?,"To create a form from scratch in Google Forms, users can go to the Google Forms website, click on the ""Create Form"" button, and follow the prompts to add questions and set up the form.",1,0.8212857246398926,QA321,5.5 Creating Forms in Google Docs,0.8212857246398926,QA140,13.6 Creating Forms in Microsoft Access,0.5217462778091431,QA322,5.5 Creating Forms in Google Docs,0.5036271214485168,QA320,5.5 Creating Forms in Google Docs,0.48664355278015137,QA154,14.3 Customizing Forms,0.46275264024734497
QA322,57,3,5.5 Creating Forms in Google Docs,What are the different types of questions that can be added to a Google Form?,"Google Forms allows for the creation of a variety of question types, including multiple-choice questions, checkbox questions, dropdown questions, and more.",1,0.873100996017456,QA322,5.5 Creating Forms in Google Docs,0.873100996017456,QA314,5.3 Creating Forms in Microsoft Word,0.6182805895805359,QA323,5.5 Creating Forms in Google Docs,0.5962992906570435,QA324,5.5 Creating Forms in Google Docs,0.5698331594467163,QA321,5.5 Creating Forms in Google Docs,0.562110960483551
QA323,57,4,5.5 Creating Forms in Google Docs,How can you add multimedia questions to a Google Form?,"Multimedia questions can be added to a Google Form by clicking on the ""Add media"" button and selecting the type of media you want to include.",1,0.870621383190155,QA323,5.5 Creating Forms in Google Docs,0.870621383190155,QA322,5.5 Creating Forms in Google Docs,0.5548038482666016,QA321,5.5 Creating Forms in Google Docs,0.46517813205718994,QA393,7.4 Preparing a Google Slides Collection for Presentation,0.4518292248249054,QA320,5.5 Creating Forms in Google Docs,0.44646862149238586
QA324,57,5,5.5 Creating Forms in Google Docs,What are the different themes that can be applied to a Google Form?,"Google Forms allows for the application of different themes to a form, including a variety of color schemes and layout options.",1,0.8438047170639038,QA324,5.5 Creating Forms in Google Docs,0.8438047170639038,QA228,3.5 Document Design,0.5033543109893799,QA322,5.5 Creating Forms in Google Docs,0.4786626100540161,QA155,14.3 Customizing Forms,0.4614211618900299,QA346,6.2 Designing a Presentation in Microsoft PowerPoint,0.44167065620422363
QA325,57,6,5.5 Creating Forms in Google Docs,How can you download the results from a Google Form into Google Sheets for data analysis?,"The results from responses collected through a Google Form can be downloaded into Google Sheets for data analysis by clicking on the ""Responses"" tab in the form, then clicking on the ""Download responses"" button.",1,0.8696131706237793,QA325,5.5 Creating Forms in Google Docs,0.8696131706237793,QA170,14.6 Data Analysis and Integration,0.37930482625961304,QA063,"11.1 Understanding Data, Data Validation, and Data Tables",0.3768613934516907,QA439,9.2 Text and Numbers in Microsoft Excel,0.3760039806365967,QA108,12.3 Integrating Microsoft Excel and Accounting Programs,0.3755263686180115
QA326,58,1,5.6 Advanced Collaboration in Google Docs,What are the three types of shareable links in Google Docs?,"The three types of shareable links in Google Docs are public links, anyone with the link, and restricted.",1,0.8836917877197266,QA326,5.6 Advanced Collaboration in Google Docs,0.8836917877197266,QA327,5.6 Advanced Collaboration in Google Docs,0.5833722949028015,QA292,4.6 Managing Long Documents in Google Docs,0.5279213190078735,QA288,4.6 Managing Long Documents in Google Docs,0.5279213190078735,QA232,3.6 Navigating Google Docs,0.4667000472545624
QA327,58,2,5.6 Advanced Collaboration in Google Docs,How can you share a document in Google Docs?,You can share a document in Google Docs by using an email or a shareable link.,1,0.8764554858207703,QA327,5.6 Advanced Collaboration in Google Docs,0.8764554858207703,QA210,2.6 Collaboration,0.6199918985366821,QA332,5.6 Advanced Collaboration in Google Docs,0.5680838823318481,QA326,5.6 Advanced Collaboration in Google Docs,0.5493037700653076,QA233,3.6 Navigating Google Docs,0.5104590654373169
QA328,58,3,5.6 Advanced Collaboration in Google Docs,What are the layers of permissions in Google Docs?,"The layers of permissions in Google Docs are editor, commenter, and reader.",1,0.8874764442443848,QA328,5.6 Advanced Collaboration in Google Docs,0.8874764442443848,QA232,3.6 Navigating Google Docs,0.4967610538005829,QA326,5.6 Advanced Collaboration in Google Docs,0.45597928762435913,QA330,5.6 Advanced Collaboration in Google Docs,0.4147355854511261,QA201,2.5 Essentials of Google Workspace,0.39510011672973633
QA329,58,4,5.6 Advanced Collaboration in Google Docs,What is the purpose of the Comment History in Google Docs?,"The purpose of the Comment History in Google Docs is to save time for the user by collecting all comments into a sidebar, so they do not have to scroll through the entire document.",1,0.9042894840240479,QA329,5.6 Advanced Collaboration in Google Docs,0.9042894840240479,QA215,3.1 Navigating Microsoft Word,0.5352493524551392,QA238,3.8 Collaborative Editing and Reviewing in Google Docs,0.4683021903038025,QA248,3.9 Versions and Version History,0.44923242926597595,QA244,3.9 Versions and Version History,0.43501853942871094
QA330,58,5,5.6 Advanced Collaboration in Google Docs,How can you edit and type in a document concurrently in Google Docs?,You can edit and type in a document concurrently in Google Docs by using layers of permissions.,1,0.9074493646621704,QA330,5.6 Advanced Collaboration in Google Docs,0.9074493646621704,QA331,5.6 Advanced Collaboration in Google Docs,0.8028854131698608,QA210,2.6 Collaboration,0.5388017892837524,QA238,3.8 Collaborative Editing and Reviewing in Google Docs,0.4726850390434265,QA279,4.4 Google Docs: Enhanced Formatting Features,0.4703865051269531
QA331,58,6,5.6 Advanced Collaboration in Google Docs,How does Google Docs handle concurrent editing?,Google Docs handles concurrent editing by allowing multiple users to edit the same document at the same time.,1,0.9310380220413208,QA331,5.6 Advanced Collaboration in Google Docs,0.9310380220413208,QA330,5.6 Advanced Collaboration in Google Docs,0.7430806159973145,QA240,3.8 Collaborative Editing and Reviewing in Google Docs,0.5289092659950256,QA243,3.8 Collaborative Editing and Reviewing in Google Docs,0.5188500881195068,QA242,3.8 Collaborative Editing and Reviewing in Google Docs,0.5016459226608276
QA332,58,7,5.6 Advanced Collaboration in Google Docs,What are the benefits of using Google Docs for collaboration?,"Google Docs provides several benefits for collaboration, including the ability to share documents, collaborate on projects, and track changes",1,0.9043706655502319,QA332,5.6 Advanced Collaboration in Google Docs,0.9043706655502319,QA242,3.8 Collaborative Editing and Reviewing in Google Docs,0.7952025532722473,QA240,3.8 Collaborative Editing and Reviewing in Google Docs,0.7094419002532959,QA241,3.8 Collaborative Editing and Reviewing in Google Docs,0.6078841686248779,QA243,3.8 Collaborative Editing and Reviewing in Google Docs,0.588506281375885
QA333,59,1,6.1 Presentation and Design Essentials,What is the purpose of a presentation?,The purpose of a presentation is to communicate information to both internal and external stakeholders.,1,0.8081929683685303,QA333,6.1 Presentation and Design Essentials,0.8081929683685303,QA334,6.1 Presentation and Design Essentials,0.61545729637146,QA377,7.1 Effective Presentation Skills,0.6007656455039978,QA386,7.3 Preparing a Microsoft PowerPoint Collection for Presentation,0.5802152156829834,QA389,7.3 Preparing a Microsoft PowerPoint Collection for Presentation,0.5565134286880493
QA334,59,2,6.1 Presentation and Design Essentials,How does understanding your audience influence the purpose of a presentation?,Understanding your audience is crucial to ensure the presentation is geared toward that audience.,1,0.9041517972946167,QA334,6.1 Presentation and Design Essentials,0.9041517972946167,QA333,6.1 Presentation and Design Essentials,0.663942813873291,QA377,7.1 Effective Presentation Skills,0.6399075984954834,QA389,7.3 Preparing a Microsoft PowerPoint Collection for Presentation,0.6215189099311829,QA378,7.1 Effective Presentation Skills,0.5853266716003418
QA335,59,3,6.1 Presentation and Design Essentials,What are the key principles of consistency and coherency in presentation design?,"The key principles of consistency and coherency in presentation design are: consistency means ensuring the presentation has a unified look and feel, and coherency means that the presentation is logically unified and applies to both the slides and the presenter.",1,0.891403079032898,QA335,6.1 Presentation and Design Essentials,0.891403079032898,QA377,7.1 Effective Presentation Skills,0.53400719165802,QA348,6.3 Formatting Microsoft PowerPoint Slides: Layout and Design Principles,0.517933189868927,QA351,6.3 Formatting Microsoft PowerPoint Slides: Layout and Design Principles,0.46864914894104004,QA389,7.3 Preparing a Microsoft PowerPoint Collection for Presentation,0.4656239151954651
QA336,59,4,6.1 Presentation and Design Essentials,How does creating a plan or storyboard of a presentation differ from outlining an essay?,Creating a plan or storyboard of a presentation differs from outlining an essay in that it ensures all key topics are covered and laid out in an effective manner.,1,0.9227780699729919,QA336,6.1 Presentation and Design Essentials,0.9227780699729919,QA333,6.1 Presentation and Design Essentials,0.4311237037181854,QA347,6.3 Formatting Microsoft PowerPoint Slides: Layout and Design Principles,0.42503243684768677,QA301,5.1 Creating Different Document Types in Microsoft Word,0.4225328862667084,QA388,7.3 Preparing a Microsoft PowerPoint Collection for Presentation,0.3800731599330902
QA337,59,5,6.1 Presentation and Design Essentials,"What are some tips for creating a professional, finished presentation?","Some tips for creating a professional, finished presentation include ensuring the presentation is well-organized, using visual aids where appropriate, maintaining a consistent tone throughout, and ensuring the presentation is engaging and interactive.",1,0.9134830832481384,QA337,6.1 Presentation and Design Essentials,0.9134830832481384,QA377,7.1 Effective Presentation Skills,0.6308271288871765,QA389,7.3 Preparing a Microsoft PowerPoint Collection for Presentation,0.5948366522789001,QA387,7.3 Preparing a Microsoft PowerPoint Collection for Presentation,0.5286102294921875,QA334,6.1 Presentation and Design Essentials,0.48535430431365967
QA338,60,1,6.2 Designing a Presentation in Microsoft PowerPoint,What is the default slide layout in PowerPoint?,The default slide layout in PowerPoint is Title Slide.,1,0.9132994413375854,QA338,6.2 Designing a Presentation in Microsoft PowerPoint,0.9132994413375854,QA349,6.3 Formatting Microsoft PowerPoint Slides: Layout and Design Principles,0.6388320922851562,QA343,6.2 Designing a Presentation in Microsoft PowerPoint,0.5804716348648071,QA346,6.2 Designing a Presentation in Microsoft PowerPoint,0.5800013542175293,QA341,6.2 Designing a Presentation in Microsoft PowerPoint,0.553921103477478
QA339,60,2,6.2 Designing a Presentation in Microsoft PowerPoint,How can you open an existing document or start from a template in PowerPoint?,"You can open an existing document or start from a template by clicking on ""Open"" in the File menu, or by clicking on ""New"" and then selecting a template from the list.",1,0.9357323050498962,QA339,6.2 Designing a Presentation in Microsoft PowerPoint,0.9357323050498962,QA341,6.2 Designing a Presentation in Microsoft PowerPoint,0.5650254487991333,QA294,5.1 Creating Different Document Types in Microsoft Word,0.48292016983032227,QA342,6.2 Designing a Presentation in Microsoft PowerPoint,0.48208966851234436,QA338,6.2 Designing a Presentation in Microsoft PowerPoint,0.48030319809913635
QA340,60,3,6.2 Designing a Presentation in Microsoft PowerPoint,What are the benefits of using themes and templates in PowerPoint?,"Themes and templates can help create dynamic slides and slideshows, save time by applying color palettes and layouts to an entire presentation, and provide a consistent look and feel across the presentation.",1,0.8917795419692993,QA340,6.2 Designing a Presentation in Microsoft PowerPoint,0.8917795419692993,QA346,6.2 Designing a Presentation in Microsoft PowerPoint,0.6277742385864258,QA295,5.1 Creating Different Document Types in Microsoft Word,0.6088131666183472,QA385,7.3 Preparing a Microsoft PowerPoint Collection for Presentation,0.5979859828948975,QA226,3.5 Document Design,0.5472952127456665
QA341,60,4,6.2 Designing a Presentation in Microsoft PowerPoint,How can you create new slides in PowerPoint?,"You can create new slides in PowerPoint by clicking on the ""New Slide"" button in the Home tab.",1,0.8695098161697388,QA341,6.2 Designing a Presentation in Microsoft PowerPoint,0.8695098161697388,QA353,6.4 Adding Visuals and Features to Microsoft PowerPoint Slides,0.6567234992980957,QA342,6.2 Designing a Presentation in Microsoft PowerPoint,0.6228208541870117,QA357,6.4 Adding Visuals and Features to Microsoft PowerPoint Slides,0.6183894872665405,QA338,6.2 Designing a Presentation in Microsoft PowerPoint,0.6124354600906372
QA342,60,5,6.2 Designing a Presentation in Microsoft PowerPoint,How can you add text to a slide in PowerPoint?,"You can add text to a slide by clicking on the ""Type Text"" button in the Home tab, or by right-clicking on the slide and selecting ""Insert"" > ""Text Box"".",1,0.9074869155883789,QA342,6.2 Designing a Presentation in Microsoft PowerPoint,0.9074869155883789,QA357,6.4 Adding Visuals and Features to Microsoft PowerPoint Slides,0.6875728964805603,QA353,6.4 Adding Visuals and Features to Microsoft PowerPoint Slides,0.6630685925483704,QA355,6.4 Adding Visuals and Features to Microsoft PowerPoint Slides,0.621769905090332,QA341,6.2 Designing a Presentation in Microsoft PowerPoint,0.6177122592926025
QA343,60,6,6.2 Designing a Presentation in Microsoft PowerPoint,How can you select a common theme for slides in PowerPoint?,"You can select a common theme for slides in PowerPoint by clicking on the ""Design"" tab, then selecting a theme from the ""Themes"" drop-down menu.",1,0.8976538777351379,QA343,6.2 Designing a Presentation in Microsoft PowerPoint,0.8976538777351379,QA338,6.2 Designing a Presentation in Microsoft PowerPoint,0.6462234258651733,QA346,6.2 Designing a Presentation in Microsoft PowerPoint,0.6437875032424927,QA382,7.2 Finalizing a Slide Collection,0.6174508333206177,QA344,6.2 Designing a Presentation in Microsoft PowerPoint,0.5832479000091553
QA344,60,7,6.2 Designing a Presentation in Microsoft PowerPoint,How can you apply variants to each style in PowerPoint?,"You can apply variants to each style in PowerPoint by clicking on the ""Design"" tab, then selecting a style from the ""Variants"" drop-down menu.",1,0.9500337839126587,QA344,6.2 Designing a Presentation in Microsoft PowerPoint,0.9500337839126587,QA343,6.2 Designing a Presentation in Microsoft PowerPoint,0.5770333409309387,QA346,6.2 Designing a Presentation in Microsoft PowerPoint,0.5148547887802124,QA382,7.2 Finalizing a Slide Collection,0.4954598546028137,QA383,7.2 Finalizing a Slide Collection,0.4691462218761444
QA345,60,8,6.2 Designing a Presentation in Microsoft PowerPoint,How can you use the View tab to better understand how different view options can be used to build and review presentation content?,"You can use the View tab to better understand how different view options can be used to build and review presentation content by clicking on the ""View"" tab, then selecting a view option from the drop-down menu.",1,0.932508111000061,QA345,6.2 Designing a Presentation in Microsoft PowerPoint,0.932508111000061,QA346,6.2 Designing a Presentation in Microsoft PowerPoint,0.5560321807861328,QA156,14.4 Customizing Reports,0.49967026710510254,QA221,3.4 Collaborative Editing and Reviewing in Microsoft Word,0.4601873755455017,QA442,9.2 Text and Numbers in Microsoft Excel,0.44884419441223145
QA346,60,9,6.2 Designing a Presentation in Microsoft PowerPoint,What is the purpose of the Design tab in PowerPoint?,The Design tab in PowerPoint allows you to select a common theme for slides and apply variants,1,0.8997616767883301,QA346,6.2 Designing a Presentation in Microsoft PowerPoint,0.8997616767883301,QA307,5.3 Creating Forms in Microsoft Word,0.5790224671363831,QA340,6.2 Designing a Presentation in Microsoft PowerPoint,0.5574308633804321,QA352,6.4 Adding Visuals and Features to Microsoft PowerPoint Slides,0.5515092611312866,QA345,6.2 Designing a Presentation in Microsoft PowerPoint,0.5381848216056824
QA347,61,1,6.3 Formatting Microsoft PowerPoint Slides: Layout and Design Principles,What is the purpose of formatting the layout of the elements on a slide?,The purpose of formatting the layout of the elements on a slide is to ensure that the information is presented in a clear and effective manner.,1,0.8788027763366699,QA347,6.3 Formatting Microsoft PowerPoint Slides: Layout and Design Principles,0.8788027763366699,QA367,6.6 Creating Google Slides: Layout and Text,0.6182187795639038,QA365,6.6 Creating Google Slides: Layout and Text,0.5797706842422485,QA349,6.3 Formatting Microsoft PowerPoint Slides: Layout and Design Principles,0.5734555721282959,QA350,6.3 Formatting Microsoft PowerPoint Slides: Layout and Design Principles,0.5143166780471802
QA348,61,2,6.3 Formatting Microsoft PowerPoint Slides: Layout and Design Principles,What are the design principles that provide guidelines and rules of thumb to consider as users start to change and manipulate themes and layouts on slides?,"Design principles provide guidelines and rules of thumb to consider as users start to change and manipulate themes and layouts on slides, such as: a. Consistency: The design should be consistent across all slides.b. Clarity: The information should be clear and easy to understand.c. Simplicity: The design should be simple and not overly complex.d. Engagement: The design should be engaging and interactive.",1,0.890788197517395,QA348,6.3 Formatting Microsoft PowerPoint Slides: Layout and Design Principles,0.890788197517395,QA351,6.3 Formatting Microsoft PowerPoint Slides: Layout and Design Principles,0.8124740123748779,QA382,7.2 Finalizing a Slide Collection,0.6116209030151367,QA350,6.3 Formatting Microsoft PowerPoint Slides: Layout and Design Principles,0.6015488505363464,QA349,6.3 Formatting Microsoft PowerPoint Slides: Layout and Design Principles,0.5426367521286011
QA349,61,3,6.3 Formatting Microsoft PowerPoint Slides: Layout and Design Principles,How can you adjust the layout of the elements on a slide?,"Adjusting the layout of the elements on a slide can be done by using the layout tools in Microsoft PowerPoint, such as:a. Arranging the objects: You can rearrange the objects on the slide by clicking and dragging them.b. Resizing the objects: You can resize the objects to fit the slide better.c. Changing the alignment: You can change the alignment of the objects to left, right, center, or justify.",1,0.8225218057632446,QA349,6.3 Formatting Microsoft PowerPoint Slides: Layout and Design Principles,0.8225218057632446,QA350,6.3 Formatting Microsoft PowerPoint Slides: Layout and Design Principles,0.7115161418914795,QA382,7.2 Finalizing a Slide Collection,0.5884854197502136,QA347,6.3 Formatting Microsoft PowerPoint Slides: Layout and Design Principles,0.5628623962402344,QA366,6.6 Creating Google Slides: Layout and Text,0.5480279922485352
QA350,61,4,6.3 Formatting Microsoft PowerPoint Slides: Layout and Design Principles,What are some examples of layout adjustments that can be made?,"Some examples of layout adjustments that can be made include:a. Aligning text: You can align the text to the left, right, center, or justify.b. Resizing objects: You can resize the objects to fit the slide better.c. Arranging objects: You can rearrange the objects on the slide to make the most effective use of space.",1,0.8294934034347534,QA350,6.3 Formatting Microsoft PowerPoint Slides: Layout and Design Principles,0.8294934034347534,QA349,6.3 Formatting Microsoft PowerPoint Slides: Layout and Design Principles,0.5006841421127319,QA301,5.1 Creating Different Document Types in Microsoft Word,0.4187105894088745,QA216,3.2 Formatting Document Layout in Microsoft Word,0.38974446058273315,QA348,6.3 Formatting Microsoft PowerPoint Slides: Layout and Design Principles,0.3798803687095642
QA351,61,5,6.3 Formatting Microsoft PowerPoint Slides: Layout and Design Principles,How can the design principles help users when they start to change and manipulate themes and layouts on slides?,"The design principles can help users when they start to change and manipulate themes and layouts on slides by providing a clear guideline on how to present information effectively. They can also help users to avoid common pitfalls, such as overcrowding the slide with",1,0.907229483127594,QA351,6.3 Formatting Microsoft PowerPoint Slides: Layout and Design Principles,0.907229483127594,QA348,6.3 Formatting Microsoft PowerPoint Slides: Layout and Design Principles,0.7866456508636475,QA382,7.2 Finalizing a Slide Collection,0.6313501596450806,QA340,6.2 Designing a Presentation in Microsoft PowerPoint,0.5503343939781189,QA346,6.2 Designing a Presentation in Microsoft PowerPoint,0.5443928241729736
QA352,62,1,6.4 Adding Visuals and Features to Microsoft PowerPoint Slides,What is the purpose of tables in PowerPoint presentations?,The purpose of tables in PowerPoint presentations is to neatly organize information in a presentation.,1,0.8999881744384766,QA352,6.4 Adding Visuals and Features to Microsoft PowerPoint Slides,0.8999881744384766,QA372,6.7 Adding Visuals and Features to Google Slides,0.7797693014144897,QA260,4.2 Working with Graphics and Text Tools in Microsoft Word,0.6130437850952148,QA063,"11.1 Understanding Data, Data Validation, and Data Tables",0.5930545330047607,QA024,10.1 Data Tables and Ranges,0.5814045071601868
QA353,62,2,6.4 Adding Visuals and Features to Microsoft PowerPoint Slides,How do you insert an image into a PowerPoint slide?,"To insert an image into a PowerPoint slide, use the Insert Picture tool.",1,0.887080192565918,QA353,6.4 Adding Visuals and Features to Microsoft PowerPoint Slides,0.887080192565918,QA357,6.4 Adding Visuals and Features to Microsoft PowerPoint Slides,0.6686409711837769,QA342,6.2 Designing a Presentation in Microsoft PowerPoint,0.623546302318573,QA341,6.2 Designing a Presentation in Microsoft PowerPoint,0.5879573225975037,QA359,6.4 Adding Visuals and Features to Microsoft PowerPoint Slides,0.5685444474220276
QA354,62,3,6.4 Adding Visuals and Features to Microsoft PowerPoint Slides,What is the difference between textual and visual information on a slide?,"Textual information on a slide is used to convey important details, while visual elements such as images are used to enhance the presentation.",1,0.8992053270339966,QA354,6.4 Adding Visuals and Features to Microsoft PowerPoint Slides,0.8992053270339966,QA370,6.7 Adding Visuals and Features to Google Slides,0.5539861917495728,QA373,6.7 Adding Visuals and Features to Google Slides,0.5003829598426819,QA355,6.4 Adding Visuals and Features to Microsoft PowerPoint Slides,0.49187761545181274,QA351,6.3 Formatting Microsoft PowerPoint Slides: Layout and Design Principles,0.439822256565094
QA355,62,4,6.4 Adding Visuals and Features to Microsoft PowerPoint Slides,How can you keep text on a slide to a minimum?,"To keep text on a slide to a minimum, it's important to keep the content concise and relevant to the presentation.",1,0.871606707572937,QA355,6.4 Adding Visuals and Features to Microsoft PowerPoint Slides,0.871606707572937,QA366,6.6 Creating Google Slides: Layout and Text,0.5868673920631409,QA342,6.2 Designing a Presentation in Microsoft PowerPoint,0.5384176969528198,QA350,6.3 Formatting Microsoft PowerPoint Slides: Layout and Design Principles,0.459576815366745,QA349,6.3 Formatting Microsoft PowerPoint Slides: Layout and Design Principles,0.44098907709121704
QA356,62,5,6.4 Adding Visuals and Features to Microsoft PowerPoint Slides,What is the purpose of the WordArt tool in PowerPoint?,"The WordArt tool in PowerPoint allows you to enhance basic textual information by adding borders, shading effects, and other elements.",1,0.9225987195968628,QA356,6.4 Adding Visuals and Features to Microsoft PowerPoint Slides,0.9225987195968628,QA223,3.4 Collaborative Editing and Reviewing in Microsoft Word,0.5807681083679199,QA196,2.4 Essentials of Microsoft 365,0.5585634708404541,QA358,6.4 Adding Visuals and Features to Microsoft PowerPoint Slides,0.5453795194625854,QA266,4.2 Working with Graphics and Text Tools in Microsoft Word,0.5339058637619019
QA357,62,6,6.4 Adding Visuals and Features to Microsoft PowerPoint Slides,How can you insert symbols and equations into a PowerPoint slide?,You can insert symbols and equations into a PowerPoint slide using the Equation Editor.,1,0.9509248733520508,QA357,6.4 Adding Visuals and Features to Microsoft PowerPoint Slides,0.9509248733520508,QA342,6.2 Designing a Presentation in Microsoft PowerPoint,0.6786747574806213,QA353,6.4 Adding Visuals and Features to Microsoft PowerPoint Slides,0.6769481301307678,QA341,6.2 Designing a Presentation in Microsoft PowerPoint,0.5798149704933167,QA370,6.7 Adding Visuals and Features to Google Slides,0.5628906488418579
QA358,62,7,6.4 Adding Visuals and Features to Microsoft PowerPoint Slides,What is the purpose of the Illustrations command group in PowerPoint?,"The Illustrations command group in PowerPoint is used to insert shapes, pictures, and SmartArt into a slide.",1,0.9492512941360474,QA358,6.4 Adding Visuals and Features to Microsoft PowerPoint Slides,0.9492512941360474,QA359,6.4 Adding Visuals and Features to Microsoft PowerPoint Slides,0.6549301147460938,QA282,4.5 Working with Graphics and Text Tools in Google Docs,0.5281099081039429,QA289,4.6 Managing Long Documents in Google Docs,0.48742207884788513,QA346,6.2 Designing a Presentation in Microsoft PowerPoint,0.48092660307884216
QA359,62,8,6.4 Adding Visuals and Features to Microsoft PowerPoint Slides,"How can you use the Illustrations command group to insert shapes, pictures, and SmartArt into a slide?","You can use the Illustrations command group to insert shapes, pictures, and SmartArt into a slide by selecting the desired elements from the group and clicking on the slide where you want to insert them.",1,0.9534680843353271,QA359,6.4 Adding Visuals and Features to Microsoft PowerPoint Slides,0.9534680843353271,QA358,6.4 Adding Visuals and Features to Microsoft PowerPoint Slides,0.8056322932243347,QA353,6.4 Adding Visuals and Features to Microsoft PowerPoint Slides,0.5890213251113892,QA282,4.5 Working with Graphics and Text Tools in Google Docs,0.49634063243865967,QA371,6.7 Adding Visuals and Features to Google Slides,0.48062896728515625
QA360,63,1,6.5 Designing a Presentation in Google Slides,What are the similarities and differences between Google Slides and PowerPoint?,"Similarities: Both Google Slides and PowerPoint are used for creating presentations. They both have similar functionalities such as adding text, images, and videos.Differences: Google Slides is a web-based program, which means it can be accessed from anywhere with an internet connection and a Google account. PowerPoint, on the other hand, is a desktop application that requires a separate installation.",1,0.8821356296539307,QA360,6.5 Designing a Presentation in Google Slides,0.8821356296539307,QA362,6.5 Designing a Presentation in Google Slides,0.8477513194084167,QA361,6.5 Designing a Presentation in Google Slides,0.7311046123504639,QA364,6.5 Designing a Presentation in Google Slides,0.7288778424263,QA363,6.5 Designing a Presentation in Google Slides,0.6235857605934143
QA361,63,2,6.5 Designing a Presentation in Google Slides,What are the advantages and disadvantages of using Google Slides?,"Advantages of Google Slides: It has enhanced collaboration tools, and you can access your files from anywhere with internet access and a Google account. Disadvantages: It may not be as user-friendly as PowerPoint for some users.",1,0.8508293032646179,QA361,6.5 Designing a Presentation in Google Slides,0.8508293032646179,QA372,6.7 Adding Visuals and Features to Google Slides,0.694168210029602,QA364,6.5 Designing a Presentation in Google Slides,0.675560712814331,QA365,6.6 Creating Google Slides: Layout and Text,0.6050904989242554,QA360,6.5 Designing a Presentation in Google Slides,0.5852844715118408
QA362,63,3,6.5 Designing a Presentation in Google Slides,How is Google Slides different from PowerPoint?,Google Slides is different from PowerPoint in that it is a web-based program. This means you can access your files from anywhere with internet access and a Google account. PowerPoint is a desktop application that requires a separate installation.,1,0.8504995703697205,QA362,6.5 Designing a Presentation in Google Slides,0.8504995703697205,QA360,6.5 Designing a Presentation in Google Slides,0.8154226541519165,QA364,6.5 Designing a Presentation in Google Slides,0.722449541091919,QA361,6.5 Designing a Presentation in Google Slides,0.7078396081924438,QA363,6.5 Designing a Presentation in Google Slides,0.6567773818969727
QA363,63,4,6.5 Designing a Presentation in Google Slides,What is the purpose of exporting a Google Slides presentation to a PowerPoint file format?,The purpose of exporting a Google Slides presentation to a PowerPoint file format is to make it easier to work with other users who may be using PowerPoint. This is particularly useful in a workplace environment where one program is preferred over the other.,1,0.9086595177650452,QA363,6.5 Designing a Presentation in Google Slides,0.9086595177650452,QA362,6.5 Designing a Presentation in Google Slides,0.6532289981842041,QA361,6.5 Designing a Presentation in Google Slides,0.6332800388336182,QA360,6.5 Designing a Presentation in Google Slides,0.6039016246795654,QA365,6.6 Creating Google Slides: Layout and Text,0.5804533362388611
QA364,63,5,6.5 Designing a Presentation in Google Slides,"In a workplace environment, what is the preferred program over the other?","In a workplace environment, Google Slides would be preferred over PowerPoint due to its web-based nature and its enhanced collaboration tools.",1,0.6302362680435181,QA364,6.5 Designing a Presentation in Google Slides,0.6302362680435181,QA200,2.4 Essentials of Microsoft 365,0.35187506675720215,QA104,12.3 Integrating Microsoft Excel and Accounting Programs,0.34337949752807617,QA199,2.4 Essentials of Microsoft 365,0.3183424472808838,QA105,12.3 Integrating Microsoft Excel and Accounting Programs,0.3145558834075928
QA365,64,1,6.6 Creating Google Slides: Layout and Text,What is the purpose of the Align & Indent tool in Google Slides?,The Align & Indent tool in Google Slides is used to adjust the alignment and indentation of text.,1,0.936212420463562,QA365,6.6 Creating Google Slides: Layout and Text,0.936212420463562,QA367,6.6 Creating Google Slides: Layout and Text,0.6427769660949707,QA347,6.3 Formatting Microsoft PowerPoint Slides: Layout and Design Principles,0.5595694184303284,QA363,6.5 Designing a Presentation in Google Slides,0.5117623209953308,QA394,7.4 Preparing a Google Slides Collection for Presentation,0.5115309357643127
QA366,64,2,6.6 Creating Google Slides: Layout and Text,How can you adjust the spacing of text on a slide in Google Slides?,You can adjust the spacing of text on a slide in Google Slides by using the Line spacing tool found in the Format menu.,1,0.8922683000564575,QA366,6.6 Creating Google Slides: Layout and Text,0.8922683000564575,QA355,6.4 Adding Visuals and Features to Microsoft PowerPoint Slides,0.6642351746559143,QA349,6.3 Formatting Microsoft PowerPoint Slides: Layout and Design Principles,0.5821382403373718,QA395,7.4 Preparing a Google Slides Collection for Presentation,0.570185124874115,QA365,6.6 Creating Google Slides: Layout and Text,0.5530553460121155
QA367,64,3,6.6 Creating Google Slides: Layout and Text,What is the purpose of the Arrange and Slide menus in Google Slides?,The Arrange and Slide menus in Google Slides are used to help with lining up elements on the slide such as text boxes or images.,1,0.9177879691123962,QA367,6.6 Creating Google Slides: Layout and Text,0.9177879691123962,QA365,6.6 Creating Google Slides: Layout and Text,0.6839284896850586,QA396,7.4 Preparing a Google Slides Collection for Presentation,0.6242862939834595,QA390,7.4 Preparing a Google Slides Collection for Presentation,0.6036773920059204,QA347,6.3 Formatting Microsoft PowerPoint Slides: Layout and Design Principles,0.5585702657699585
QA368,64,4,6.6 Creating Google Slides: Layout and Text,How can you add borders to slide elements in Google Slides?,You can add borders to slide elements in Google Slides by using the Format menu.,1,0.9013673067092896,QA368,6.6 Creating Google Slides: Layout and Text,0.9013673067092896,QA371,6.7 Adding Visuals and Features to Google Slides,0.5461918115615845,QA349,6.3 Formatting Microsoft PowerPoint Slides: Layout and Design Principles,0.5106756687164307,QA367,6.6 Creating Google Slides: Layout and Text,0.48069825768470764,QA366,6.6 Creating Google Slides: Layout and Text,0.47996917366981506
QA369,64,5,6.6 Creating Google Slides: Layout and Text,What is the difference between the action bar and the Format menu in Google Slides?,"The action bar in Google Slides is used for quick access to text formatting options, while the Format menu provides more detailed control over text formatting.",1,0.9313609600067139,QA369,6.6 Creating Google Slides: Layout and Text,0.9313609600067139,QA234,3.7 Formatting Layout and Content in Google Docs,0.8203606605529785,QA466,9.5 Google Sheets Basics,0.5950756072998047,QA367,6.6 Creating Google Slides: Layout and Text,0.5785293579101562,QA365,6.6 Creating Google Slides: Layout and Text,0.5669323205947876
QA370,65,1,6.7 Adding Visuals and Features to Google Slides,What are the different types of visuals that can be added to a Google Slides presentation?,"The different types of visuals that can be added to a Google Slides presentation include images, shapes, tables, charts, diagrams, and special characters.",1,0.9026448130607605,QA370,6.7 Adding Visuals and Features to Google Slides,0.9026448130607605,QA373,6.7 Adding Visuals and Features to Google Slides,0.6170512437820435,QA386,7.3 Preparing a Microsoft PowerPoint Collection for Presentation,0.5919086933135986,QA387,7.3 Preparing a Microsoft PowerPoint Collection for Presentation,0.5819417834281921,QA371,6.7 Adding Visuals and Features to Google Slides,0.5746830105781555
QA371,65,2,6.7 Adding Visuals and Features to Google Slides,How can you add a shape to a Google Slides presentation?,"You can add a shape to a Google Slides presentation by selecting the shape from the 'Insert' menu, then clicking on the slide where you want the shape to appear.",1,0.8519690632820129,QA371,6.7 Adding Visuals and Features to Google Slides,0.8519690632820129,QA370,6.7 Adding Visuals and Features to Google Slides,0.6370389461517334,QA368,6.6 Creating Google Slides: Layout and Text,0.593746542930603,QA353,6.4 Adding Visuals and Features to Microsoft PowerPoint Slides,0.5766400694847107,QA341,6.2 Designing a Presentation in Microsoft PowerPoint,0.5634545087814331
QA372,65,3,6.7 Adding Visuals and Features to Google Slides,What are the benefits of using tables in a Google Slides presentation?,"The benefits of using tables in a Google Slides presentation include organizing and presenting data in a clear, concise manner, allowing for easy comparison and analysis of data, and providing a visual representation of data.",1,0.9028053879737854,QA372,6.7 Adding Visuals and Features to Google Slides,0.9028053879737854,QA352,6.4 Adding Visuals and Features to Microsoft PowerPoint Slides,0.7831538915634155,QA361,6.5 Designing a Presentation in Google Slides,0.6146189570426941,QA064,"11.1 Understanding Data, Data Validation, and Data Tables",0.5433028340339661,QA260,4.2 Working with Graphics and Text Tools in Microsoft Word,0.5336334109306335
QA373,65,4,6.7 Adding Visuals and Features to Google Slides,How can you visualize data in a Google Slides presentation?,"You can visualize data in a Google Slides presentation by creating a chart, then inputting your data into the chart.",1,0.855713963508606,QA373,6.7 Adding Visuals and Features to Google Slides,0.855713963508606,QA370,6.7 Adding Visuals and Features to Google Slides,0.6427505016326904,QA372,6.7 Adding Visuals and Features to Google Slides,0.5989736914634705,QA084,11.5 Data Analysis Charts,0.5376119017601013,QA354,6.4 Adding Visuals and Features to Microsoft PowerPoint Slides,0.5230140686035156
QA374,65,5,6.7 Adding Visuals and Features to Google Slides,What is the purpose of special characters in a Google Slides presentation?,"The purpose of special characters in a Google Slides presentation is to add symbols, accents, or foreign characters to a slide, enhancing the presentation's visual appeal and clarity.",1,0.9273086190223694,QA374,6.7 Adding Visuals and Features to Google Slides,0.9273086190223694,QA396,7.4 Preparing a Google Slides Collection for Presentation,0.5569693446159363,QA370,6.7 Adding Visuals and Features to Google Slides,0.5487945079803467,QA281,4.5 Working with Graphics and Text Tools in Google Docs,0.5448281764984131,QA390,7.4 Preparing a Google Slides Collection for Presentation,0.4926398694515228
QA375,65,6,6.7 Adding Visuals and Features to Google Slides,How can you add a link to a Google Slides presentation?,"You can add a link to a Google Slides presentation by selecting the text where you want the link to appear, then clicking on the 'Insert link' button.",1,0.8562657833099365,QA375,6.7 Adding Visuals and Features to Google Slides,0.8562657833099365,QA393,7.4 Preparing a Google Slides Collection for Presentation,0.5837057828903198,QA371,6.7 Adding Visuals and Features to Google Slides,0.576520562171936,QA397,7.4 Preparing a Google Slides Collection for Presentation,0.5532428622245789,QA396,7.4 Preparing a Google Slides Collection for Presentation,0.533410906791687
QA376,65,7,6.7 Adding Visuals and Features to Google Slides,What are the advantages of adding video to a Google Slides presentation?,"The advantages of adding video to a Google Slides presentation include enhancing the presentation's visual appeal, adding interactivity, and providing additional context or information to the audience.",1,0.818439245223999,QA376,6.7 Adding Visuals and Features to Google Slides,0.818439245223999,QA386,7.3 Preparing a Microsoft PowerPoint Collection for Presentation,0.6949729323387146,QA361,6.5 Designing a Presentation in Google Slides,0.6156129837036133,QA393,7.4 Preparing a Google Slides Collection for Presentation,0.5757502317428589,QA372,6.7 Adding Visuals and Features to Google Slides,0.5660971999168396
QA377,66,1,7.1 Effective Presentation Skills,What are the three key factors to consider when preparing for a presentation?,"The three key factors to consider when preparing for a presentation are the goals of the presentation, the time available, and how the audience will interact with the presenter.",1,0.8992509245872498,QA377,7.1 Effective Presentation Skills,0.8992509245872498,QA337,6.1 Presentation and Design Essentials,0.6749532222747803,QA388,7.3 Preparing a Microsoft PowerPoint Collection for Presentation,0.6111916303634644,QA334,6.1 Presentation and Design Essentials,0.6081950068473816,QA387,7.3 Preparing a Microsoft PowerPoint Collection for Presentation,0.6055310964584351
QA378,66,2,7.1 Effective Presentation Skills,How does a strong opening statement or hook help to engage and interest the audience?,A strong opening statement or hook can engage and interest the audience by setting the stage for the presentation and drawing their attention to the main points.,1,0.9267004728317261,QA378,7.1 Effective Presentation Skills,0.9267004728317261,QA334,6.1 Presentation and Design Essentials,0.5304430723190308,QA380,7.1 Effective Presentation Skills,0.5016934871673584,QA425,8.5 Social Media in Business,0.4490029215812683,QA389,7.3 Preparing a Microsoft PowerPoint Collection for Presentation,0.43234074115753174
QA379,66,3,7.1 Effective Presentation Skills,What are some common approaches that can help a person become a better public speaker?,"Some common approaches that can help a person become a better public speaker include clear, concise language, effective body language, engaging with the audience, and using visual aids.",1,0.9021772146224976,QA379,7.1 Effective Presentation Skills,0.9021772146224976,QA389,7.3 Preparing a Microsoft PowerPoint Collection for Presentation,0.3975908160209656,QA337,6.1 Presentation and Design Essentials,0.3953424394130707,QA378,7.1 Effective Presentation Skills,0.3485279083251953,QA377,7.1 Effective Presentation Skills,0.3470941483974457
QA380,66,4,7.1 Effective Presentation Skills,What is the importance of an impactful closing statement in bringing a presentation to a close in a memorable way for the audience?,"An impactful closing statement plays a crucial role in bringing a presentation to a close in a memorable way for the audience. It should summarize the main points of the presentation, provide a final recap, and leave a lasting impression on the audience.",1,0.9302600622177124,QA380,7.1 Effective Presentation Skills,0.9302600622177124,QA378,7.1 Effective Presentation Skills,0.5294378995895386,QA334,6.1 Presentation and Design Essentials,0.5101295113563538,QA389,7.3 Preparing a Microsoft PowerPoint Collection for Presentation,0.4743724465370178,QA333,6.1 Presentation and Design Essentials,0.4428213834762573
QA381,67,1,7.2 Finalizing a Slide Collection,What is the purpose of color in enhancing a presentation and conveying emotions?,"Color can be used to highlight important points, create visual contrast, and convey emotions such as excitement, calmness, or anger.",1,0.9125465154647827,QA381,7.2 Finalizing a Slide Collection,0.9125465154647827,QA333,6.1 Presentation and Design Essentials,0.45830219984054565,QA386,7.3 Preparing a Microsoft PowerPoint Collection for Presentation,0.44412025809288025,QA340,6.2 Designing a Presentation in Microsoft PowerPoint,0.4340662360191345,QA389,7.3 Preparing a Microsoft PowerPoint Collection for Presentation,0.4316403865814209
QA382,67,2,7.2 Finalizing a Slide Collection,How can you modify a theme used in a presentation?,"You can modify colors, fonts, and placement of elements on the slide using the Designer tool.",1,0.8454813361167908,QA382,7.2 Finalizing a Slide Collection,0.8454813361167908,QA227,3.5 Document Design,0.602515459060669,QA351,6.3 Formatting Microsoft PowerPoint Slides: Layout and Design Principles,0.5693132877349854,QA346,6.2 Designing a Presentation in Microsoft PowerPoint,0.5505844354629517,QA343,6.2 Designing a Presentation in Microsoft PowerPoint,0.5444759130477905
QA383,67,3,7.2 Finalizing a Slide Collection,What are the options available in the Designer tool for adding variety and interest to your slides?,"The Designer tool provides options for adding variety and interest to your slides, such as changing the layout, adding animations, and customizing the background.",1,0.9087278246879578,QA383,7.2 Finalizing a Slide Collection,0.9087278246879578,QA370,6.7 Adding Visuals and Features to Google Slides,0.5394918918609619,QA346,6.2 Designing a Presentation in Microsoft PowerPoint,0.5247657895088196,QA341,6.2 Designing a Presentation in Microsoft PowerPoint,0.5026736855506897,QA382,7.2 Finalizing a Slide Collection,0.49771595001220703
QA384,67,4,7.2 Finalizing a Slide Collection,"How can you customize the size and look of an image through various tools, including cropping, removing the background, and changing the transparency of the image?","You can customize the size and look of an image through various tools, including cropping, removing the background, and changing the transparency of the image. For example, you can crop an image to remove unnecessary parts, remove the background to focus on the main object, or change the transparency to make the image semi-transparent.",1,0.9437381029129028,QA384,7.2 Finalizing a Slide Collection,0.9437381029129028,QA383,7.2 Finalizing a Slide Collection,0.3426562547683716,QA228,3.5 Document Design,0.335141658782959,QA152,14.3 Customizing Forms,0.3296477198600769,QA227,3.5 Document Design,0.32472267746925354
QA385,68,1,7.3 Preparing a Microsoft PowerPoint Collection for Presentation,What are the benefits of using transitions and animations in a PowerPoint presentation?,Transitions and animations can add visual interest to a presentation by creating a smooth flow of information. They can also make a presentation more engaging by making the presentation more interactive.,1,0.9247947335243225,QA385,7.3 Preparing a Microsoft PowerPoint Collection for Presentation,0.9247947335243225,QA390,7.4 Preparing a Google Slides Collection for Presentation,0.7135147452354431,QA340,6.2 Designing a Presentation in Microsoft PowerPoint,0.6415449380874634,QA361,6.5 Designing a Presentation in Google Slides,0.589773416519165,QA387,7.3 Preparing a Microsoft PowerPoint Collection for Presentation,0.5622071623802185
QA386,68,2,7.3 Preparing a Microsoft PowerPoint Collection for Presentation,How can adding media such as audio or video enhance a presentation?,"Adding media such as audio or video can enhance a presentation by providing additional context or information, making the presentation more engaging, and sometimes better conveying the information contained on a slide.",1,0.933579683303833,QA386,7.3 Preparing a Microsoft PowerPoint Collection for Presentation,0.933579683303833,QA393,7.4 Preparing a Google Slides Collection for Presentation,0.581703245639801,QA376,6.7 Adding Visuals and Features to Google Slides,0.5373173952102661,QA377,7.1 Effective Presentation Skills,0.5174599289894104,QA334,6.1 Presentation and Design Essentials,0.4974185824394226
QA387,68,3,7.3 Preparing a Microsoft PowerPoint Collection for Presentation,"What are the features of PowerPoint that help you get your slides ""presentation ready""?","PowerPoint includes features such as grammar/spell check, checking for accessibility issues, speakerâs notes on slides, and a rehearsal coach to help prepare for a presentation. These features can help ensure that the presentation is ready for presentation.",1,0.8563207983970642,QA387,7.3 Preparing a Microsoft PowerPoint Collection for Presentation,0.8563207983970642,QA364,6.5 Designing a Presentation in Google Slides,0.6209090948104858,QA361,6.5 Designing a Presentation in Google Slides,0.6059674620628357,QA340,6.2 Designing a Presentation in Microsoft PowerPoint,0.5922292470932007,QA341,6.2 Designing a Presentation in Microsoft PowerPoint,0.5825564861297607
QA388,68,4,7.3 Preparing a Microsoft PowerPoint Collection for Presentation,What is the importance of making plans to visit the room and try out the technology in preparing for a presentation?,"Making plans to visit the room and try out the technology is crucial in preparing for a presentation. This can help ensure that you are familiar with the presentation material and the presentation technology, and can help you prepare for potential issues that may arise during the presentation.",1,0.8567211031913757,QA388,7.3 Preparing a Microsoft PowerPoint Collection for Presentation,0.8567211031913757,QA377,7.1 Effective Presentation Skills,0.5806017518043518,QA334,6.1 Presentation and Design Essentials,0.49417027831077576,QA389,7.3 Preparing a Microsoft PowerPoint Collection for Presentation,0.4699974060058594,QA333,6.1 Presentation and Design Essentials,0.46810317039489746
QA389,68,5,7.3 Preparing a Microsoft PowerPoint Collection for Presentation,How can you help ensure that all participants are engaged and have a meaningful experience during a presentation?,"By ensuring that all participants are engaged and have a meaningful experience during a presentation, you can improve the quality of the presentation and the overall outcome. This can be achieved by creating an engaging and interactive presentation, ensuring that all participants have the opportunity to participate and contribute, and by providing a positive and supportive environment for all participants.",1,0.8801402449607849,QA389,7.3 Preparing a Microsoft PowerPoint Collection for Presentation,0.8801402449607849,QA334,6.1 Presentation and Design Essentials,0.5995973348617554,QA337,6.1 Presentation and Design Essentials,0.5942291021347046,QA377,7.1 Effective Presentation Skills,0.575568675994873,QA333,6.1 Presentation and Design Essentials,0.4700610935688019
QA390,69,1,7.4 Preparing a Google Slides Collection for Presentation,What is the purpose of transitions in Google Slides?,The purpose of transitions in Google Slides is to add visual interest to the presentation and to help the speaker slow down between slides and topics.,1,0.9082188606262207,QA390,7.4 Preparing a Google Slides Collection for Presentation,0.9082188606262207,QA385,7.3 Preparing a Microsoft PowerPoint Collection for Presentation,0.6722228527069092,QA396,7.4 Preparing a Google Slides Collection for Presentation,0.5507309436798096,QA367,6.6 Creating Google Slides: Layout and Text,0.547844409942627,QA365,6.6 Creating Google Slides: Layout and Text,0.5095897912979126
QA391,69,2,7.4 Preparing a Google Slides Collection for Presentation,How can you check for spelling in Google Slides?,"You can check for spelling in Google Slides by going to the Tools menu and selecting the ""Check Spelling"" option.",1,0.8867520689964294,QA391,7.4 Preparing a Google Slides Collection for Presentation,0.8867520689964294,QA374,6.7 Adding Visuals and Features to Google Slides,0.39789706468582153,QA365,6.6 Creating Google Slides: Layout and Text,0.3875074088573456,QA395,7.4 Preparing a Google Slides Collection for Presentation,0.38063839077949524,QA342,6.2 Designing a Presentation in Microsoft PowerPoint,0.3751757740974426
QA392,69,3,7.4 Preparing a Google Slides Collection for Presentation,What are the features in the Tools menu that facilitate a Q&A?,"The features in the Tools menu that facilitate a Q&A include the ability to start a poll, start a quiz, and share the slide with others to answer questions.",1,0.8549100160598755,QA392,7.4 Preparing a Google Slides Collection for Presentation,0.8549100160598755,QA308,5.3 Creating Forms in Microsoft Word,0.5740233659744263,QA239,3.8 Collaborative Editing and Reviewing in Google Docs,0.5545425415039062,QA251,4.1 Microsoft Word: Advanced Formatting Features,0.5230064392089844,QA232,3.6 Navigating Google Docs,0.5092542767524719
QA393,69,4,7.4 Preparing a Google Slides Collection for Presentation,How can you add audio or video files in Google Slides?,"You can add audio or video files in Google Slides by clicking on the ""Insert"" tab in the toolbar and selecting the appropriate option. An audio file will appear as a speaker icon on the slide, while a video will appear as a thumbnail.",1,0.8894332647323608,QA393,7.4 Preparing a Google Slides Collection for Presentation,0.8894332647323608,QA386,7.3 Preparing a Microsoft PowerPoint Collection for Presentation,0.6730205416679382,QA396,7.4 Preparing a Google Slides Collection for Presentation,0.6384252309799194,QA370,6.7 Adding Visuals and Features to Google Slides,0.565294623374939,QA395,7.4 Preparing a Google Slides Collection for Presentation,0.5606168508529663
QA394,69,5,7.4 Preparing a Google Slides Collection for Presentation,What are the collaboration tools in Google Slides?,"The collaboration tools in Google Slides include standard sharing settings and commenting. These allow multiple people to view and interact with the slides, and to leave comments on them.",1,0.8229031562805176,QA394,7.4 Preparing a Google Slides Collection for Presentation,0.8229031562805176,QA364,6.5 Designing a Presentation in Google Slides,0.6600359082221985,QA365,6.6 Creating Google Slides: Layout and Text,0.592692494392395,QA397,7.4 Preparing a Google Slides Collection for Presentation,0.5614437460899353,QA383,7.2 Finalizing a Slide Collection,0.5179266929626465
QA395,69,6,7.4 Preparing a Google Slides Collection for Presentation,How can you adjust speaker notes in Google Slides?,"You can adjust speaker notes in Google Slides by going to the ""Slide Notes"" tab in the toolbar and selecting the appropriate option.",1,0.8899021744728088,QA395,7.4 Preparing a Google Slides Collection for Presentation,0.8899021744728088,QA396,7.4 Preparing a Google Slides Collection for Presentation,0.6280050873756409,QA393,7.4 Preparing a Google Slides Collection for Presentation,0.5864033699035645,QA366,6.6 Creating Google Slides: Layout and Text,0.5083720088005066,QA349,6.3 Formatting Microsoft PowerPoint Slides: Layout and Design Principles,0.501160204410553
QA396,69,7,7.4 Preparing a Google Slides Collection for Presentation,What is the purpose of the speaker icon on a slide in Google Slides?,The speaker icon on a slide in Google Slides is used to indicate that the speaker has audio or video content on the slide.,1,0.9359002709388733,QA396,7.4 Preparing a Google Slides Collection for Presentation,0.9359002709388733,QA393,7.4 Preparing a Google Slides Collection for Presentation,0.595598042011261,QA374,6.7 Adding Visuals and Features to Google Slides,0.5826989412307739,QA390,7.4 Preparing a Google Slides Collection for Presentation,0.5813560485839844,QA395,7.4 Preparing a Google Slides Collection for Presentation,0.566175103187561
QA397,69,8,7.4 Preparing a Google Slides Collection for Presentation,How can you share slides with others in Google Slides?,"You can share slides with others in Google Slides by going to the ""Share"" tab in the toolbar and selecting the appropriate option.",1,0.8646697998046875,QA397,7.4 Preparing a Google Slides Collection for Presentation,0.8646697998046875,QA394,7.4 Preparing a Google Slides Collection for Presentation,0.6550310850143433,QA375,6.7 Adding Visuals and Features to Google Slides,0.5554651021957397,QA393,7.4 Preparing a Google Slides Collection for Presentation,0.5437023043632507,QA341,6.2 Designing a Presentation in Microsoft PowerPoint,0.5349636077880859
QA398,70,1,8.1 What Are Content Management Systems?,What is a content management system?,"A content management system (CMS) is a software application that allows users to manage content on all platforms, such as social media and web content, to create a consistent message and image for the organization.",1,0.8686469197273254,QA398,8.1 What Are Content Management Systems?,0.8686469197273254,QA408,8.3 Creating Content with a Content Management System,0.7515614032745361,QA402,8.1 What Are Content Management Systems?,0.7101391553878784,QA401,8.1 What Are Content Management Systems?,0.6950486302375793,QA403,8.1 What Are Content Management Systems?,0.6576659679412842
QA399,70,2,8.1 What Are Content Management Systems?,What are the seven stages of the content management lifecycle?,"The seven stages of the content management lifecycle are organization, creation, storage, workflow, editing/versioning, publishing, and removal/archiving.",1,0.8554298281669617,QA399,8.1 What Are Content Management Systems?,0.8554298281669617,QA400,8.1 What Are Content Management Systems?,0.5842762589454651,QA398,8.1 What Are Content Management Systems?,0.5510708093643188,QA402,8.1 What Are Content Management Systems?,0.5286069512367249,QA408,8.3 Creating Content with a Content Management System,0.5171864032745361
QA400,70,3,8.1 What Are Content Management Systems?,What are the features of a content management system that control each part of the content management lifecycle?,"Features of a CMS that control each part of the content management lifecycle include page templates, document libraries, and calendaring.",1,0.7642941474914551,QA400,8.1 What Are Content Management Systems?,0.7642941474914551,QA398,8.1 What Are Content Management Systems?,0.7448792457580566,QA399,8.1 What Are Content Management Systems?,0.6909037232398987,QA402,8.1 What Are Content Management Systems?,0.6773226857185364,QA408,8.3 Creating Content with a Content Management System,0.6693261861801147
QA401,70,4,8.1 What Are Content Management Systems?,How does a content management system promote collaboration and quality control?,"A CMS promotes collaboration and quality control by enabling multiple users to work on content simultaneously, ensuring that content is of high quality and adheres to the organization's standards.",1,0.8591632843017578,QA401,8.1 What Are Content Management Systems?,0.8591632843017578,QA398,8.1 What Are Content Management Systems?,0.6347693204879761,QA403,8.1 What Are Content Management Systems?,0.5845394134521484,QA402,8.1 What Are Content Management Systems?,0.5742998123168945,QA408,8.3 Creating Content with a Content Management System,0.5380854606628418
QA402,70,5,8.1 What Are Content Management Systems?,"How does a content management system facilitate search engine optimization, security, and the ability to reuse content?","A CMS facilitates search engine optimization (SEO) by ensuring content is optimized for search engines, promoting the content to the right audience, and providing a consistent message and image for the organization. It also provides security features to protect content from unauthorized access and maintains the integrity of the content. It allows for the reuse of content through templates and libraries.",1,0.8885392546653748,QA402,8.1 What Are Content Management Systems?,0.8885392546653748,QA398,8.1 What Are Content Management Systems?,0.6873408555984497,QA403,8.1 What Are Content Management Systems?,0.6835892796516418,QA408,8.3 Creating Content with a Content Management System,0.6806391477584839,QA401,8.1 What Are Content Management Systems?,0.616797685623169
QA403,70,6,8.1 What Are Content Management Systems?,What are the benefits of using a content management system?,"The benefits of using a CMS include promoting collaboration, quality control, facilitating SEO, providing security, and enabling the reuse of content.",1,0.8364166021347046,QA403,8.1 What Are Content Management Systems?,0.8364166021347046,QA404,8.1 What Are Content Management Systems?,0.7341204285621643,QA408,8.3 Creating Content with a Content Management System,0.7258613109588623,QA402,8.1 What Are Content Management Systems?,0.7229721546173096,QA398,8.1 What Are Content Management Systems?,0.7015805244445801
QA404,70,7,8.1 What Are Content Management Systems?,What are the potential drawbacks of using a content management system?,"The potential drawbacks of using a CMS include complexity, potential for technical issues, and the need for technical expertise to use and manage the CMS effectively.",1,0.860054612159729,QA404,8.1 What Are Content Management Systems?,0.860054612159729,QA403,8.1 What Are Content Management Systems?,0.7486956715583801,QA398,8.1 What Are Content Management Systems?,0.648210346698761,QA402,8.1 What Are Content Management Systems?,0.6450786590576172,QA408,8.3 Creating Content with a Content Management System,0.633064329624176
QA405,71,1,8.2 Common Content Management Systems,What are the main components of a CMS?,"The main components of a CMS include the content repository, content editor, and delivery platform.",1,0.8057283759117126,QA405,8.2 Common Content Management Systems,0.8057283759117126,QA408,8.3 Creating Content with a Content Management System,0.5866325497627258,QA402,8.1 What Are Content Management Systems?,0.5787760019302368,QA398,8.1 What Are Content Management Systems?,0.5771653652191162,QA406,8.2 Common Content Management Systems,0.5631049871444702
QA406,71,2,8.2 Common Content Management Systems,What are the benefits of using a CMS?,"The benefits of using a CMS include improved efficiency, flexibility, and scalability, as well as the ability to manage content centrally.",1,0.8647619485855103,QA406,8.2 Common Content Management Systems,0.8647619485855103,QA403,8.1 What Are Content Management Systems?,0.8053194880485535,QA409,8.3 Creating Content with a Content Management System,0.7643797397613525,QA407,8.2 Common Content Management Systems,0.7515820860862732,QA412,8.3 Creating Content with a Content Management System,0.6955612897872925
QA407,71,3,8.2 Common Content Management Systems,What are the disadvantages of using a CMS?,"The disadvantages of using a CMS include the complexity of setup and maintenance, potential security risks, and the need for technical expertise.",1,0.8714828491210938,QA407,8.2 Common Content Management Systems,0.8714828491210938,QA412,8.3 Creating Content with a Content Management System,0.799832820892334,QA406,8.2 Common Content Management Systems,0.7848087549209595,QA404,8.1 What Are Content Management Systems?,0.7642731666564941,QA409,8.3 Creating Content with a Content Management System,0.732660174369812
QA408,72,1,8.3 Creating Content with a Content Management System,What is the purpose of a Content Management System (CMS)?,"The purpose of a CMS is to simplify the process of creating, managing, and updating content on a website.",1,0.9068012237548828,QA408,8.3 Creating Content with a Content Management System,0.9068012237548828,QA398,8.1 What Are Content Management Systems?,0.8845034837722778,QA403,8.1 What Are Content Management Systems?,0.8272091150283813,QA402,8.1 What Are Content Management Systems?,0.8139413595199585,QA401,8.1 What Are Content Management Systems?,0.7492448091506958
QA409,72,2,8.3 Creating Content with a Content Management System,What are the benefits of using WordPress as a CMS?,"The benefits of using WordPress include its ease of use, free, and open-source nature, which make it suitable for a wide range of users.",1,0.8629364967346191,QA409,8.3 Creating Content with a Content Management System,0.8629364967346191,QA406,8.2 Common Content Management Systems,0.8023895621299744,QA412,8.3 Creating Content with a Content Management System,0.7933406829833984,QA403,8.1 What Are Content Management Systems?,0.7670959234237671,QA407,8.2 Common Content Management Systems,0.7053051590919495
QA410,72,3,8.3 Creating Content with a Content Management System,What are some features of WordPress that can be used for SEO and analytics?,Some features of WordPress that can be used for SEO and analytics include search engine optimization tools and analytics that measure site performance.,1,0.8524063229560852,QA410,8.3 Creating Content with a Content Management System,0.8524063229560852,QA409,8.3 Creating Content with a Content Management System,0.45670753717422485,QA232,3.6 Navigating Google Docs,0.4506338834762573,QA411,8.3 Creating Content with a Content Management System,0.4399300217628479,QA414,8.4 Search Engine Optimization,0.43399807810783386
QA411,72,4,8.3 Creating Content with a Content Management System,How can WordPress be used to create a business website?,"WordPress can be used to create a business website by making use of its features such as e-commerce capabilities, customizable templates, and plugins.",1,0.8364551067352295,QA411,8.3 Creating Content with a Content Management System,0.8364551067352295,QA422,8.5 Social Media in Business,0.4956960082054138,QA424,8.5 Social Media in Business,0.43990910053253174,QA428,8.5 Social Media in Business,0.4366140067577362,QA420,8.5 Social Media in Business,0.4152676463127136
QA412,72,5,8.3 Creating Content with a Content Management System,What are the potential drawbacks of using WordPress as a CMS?,"The potential drawbacks of using WordPress as a CMS include its lack of customization, limited SEO options, and potential security risks.",1,0.9185048937797546,QA412,8.3 Creating Content with a Content Management System,0.9185048937797546,QA409,8.3 Creating Content with a Content Management System,0.791144609451294,QA407,8.2 Common Content Management Systems,0.7800775766372681,QA404,8.1 What Are Content Management Systems?,0.7635879516601562,QA406,8.2 Common Content Management Systems,0.7197271585464478
QA413,73,1,8.4 Search Engine Optimization,What is the purpose of search engines in filtering through keywords and website content?,The purpose of search engines in filtering through keywords and website content is to return and rank search lists based on the relevance of the content to the search query.,1,0.8475295305252075,QA413,8.4 Search Engine Optimization,0.8475295305252075,QA414,8.4 Search Engine Optimization,0.5185299515724182,QA415,8.4 Search Engine Optimization,0.48261696100234985,QA402,8.1 What Are Content Management Systems?,0.47763916850090027,QA416,8.4 Search Engine Optimization,0.43381035327911377
QA414,73,2,8.4 Search Engine Optimization,What is SEO and how does it help optimize search results?,SEO stands for Search Engine Optimization. It refers to processes that help optimize search results to increase the chance that your companyâs website will appear higher up in the userâs search results list.,1,0.83841872215271,QA414,8.4 Search Engine Optimization,0.83841872215271,QA413,8.4 Search Engine Optimization,0.5438821315765381,QA415,8.4 Search Engine Optimization,0.5401279926300049,QA402,8.1 What Are Content Management Systems?,0.5162104368209839,QA416,8.4 Search Engine Optimization,0.4845108687877655
QA415,73,3,8.4 Search Engine Optimization,What are some techniques for optimizing your website for effective searches?,"Some techniques for optimizing your website for effective searches include using an easy-to-understand URL, using descriptive titles, and keeping your page heading engaging.",1,0.7918604016304016,QA415,8.4 Search Engine Optimization,0.7918604016304016,QA414,8.4 Search Engine Optimization,0.5009539127349854,QA413,8.4 Search Engine Optimization,0.4679996073246002,QA416,8.4 Search Engine Optimization,0.4017722010612488,QA402,8.1 What Are Content Management Systems?,0.37212073802948
QA416,73,4,8.4 Search Engine Optimization,How does using an easy-to-understand URL improve your website's SEO?,Using an easy-to-understand URL improves your website's SEO by making it easier for search engines to understand the content of your page.,1,0.9036267995834351,QA416,8.4 Search Engine Optimization,0.9036267995834351,QA415,8.4 Search Engine Optimization,0.5451987981796265,QA012,"1.3 The Internet, Cloud Computing, and the Internet of Things",0.4535597562789917,QA418,8.4 Search Engine Optimization,0.42540812492370605,QA414,8.4 Search Engine Optimization,0.4057997465133667
QA417,73,5,8.4 Search Engine Optimization,How does using descriptive titles improve your website's SEO?,Using descriptive titles improves your website's SEO by providing a concise and informative summary of the content of your page.,1,0.9295655488967896,QA417,8.4 Search Engine Optimization,0.9295655488967896,QA415,8.4 Search Engine Optimization,0.5519773960113525,QA418,8.4 Search Engine Optimization,0.48542672395706177,QA416,8.4 Search Engine Optimization,0.42541074752807617,QA414,8.4 Search Engine Optimization,0.36263614892959595
QA418,73,6,8.4 Search Engine Optimization,How does keeping your page heading engaging improve your website's SEO?,Keeping your page heading engaging improves your website's SEO by making it more likely that users will click on your page and engage with your content.,1,0.8926136493682861,QA418,8.4 Search Engine Optimization,0.8926136493682861,QA415,8.4 Search Engine Optimization,0.5680962800979614,QA417,8.4 Search Engine Optimization,0.5091421008110046,QA416,8.4 Search Engine Optimization,0.4590635299682617,QA414,8.4 Search Engine Optimization,0.39267104864120483
QA419,74,1,8.5 Social Media in Business,What is the purpose of social media in business?,"The purpose of social media in business is to reach, connect with, engage, and make use of customers.",1,0.7786356210708618,QA419,8.5 Social Media in Business,0.7786356210708618,QA420,8.5 Social Media in Business,0.6703165769577026,QA424,8.5 Social Media in Business,0.6678034663200378,QA421,8.5 Social Media in Business,0.6541085243225098,QA426,8.5 Social Media in Business,0.6527792811393738
QA420,74,2,8.5 Social Media in Business,How can businesses use social media to engage with their audience?,"Businesses can use social media to engage with their audience by creating original content, responding to customer feedback, and connecting with existing customers.",1,0.855318546295166,QA420,8.5 Social Media in Business,0.855318546295166,QA428,8.5 Social Media in Business,0.7405468225479126,QA426,8.5 Social Media in Business,0.7292991876602173,QA424,8.5 Social Media in Business,0.7197228670120239,QA425,8.5 Social Media in Business,0.6662901639938354
QA421,74,3,8.5 Social Media in Business,What are the benefits of using social media platforms for business?,"Using social media platforms can benefit a business by generating more customers, building a loyal customer base, and providing exposure to other audiences.",1,0.8354768753051758,QA421,8.5 Social Media in Business,0.8354768753051758,QA424,8.5 Social Media in Business,0.6106722354888916,QA420,8.5 Social Media in Business,0.5951822996139526,QA426,8.5 Social Media in Business,0.5879894495010376,QA419,8.5 Social Media in Business,0.580558717250824
QA422,74,4,8.5 Social Media in Business,How can businesses create original content for social media?,Businesses can create original content for social media by developing and producing posts and curating their content in ways that are consistent with their brand.,1,0.8975228071212769,QA422,8.5 Social Media in Business,0.8975228071212769,QA420,8.5 Social Media in Business,0.7023746967315674,QA423,8.5 Social Media in Business,0.6763749122619629,QA424,8.5 Social Media in Business,0.6742699146270752,QA428,8.5 Social Media in Business,0.6741099953651428
QA423,74,5,8.5 Social Media in Business,What are the steps to developing original content for social media?,"The steps to develop original content for social media include developing a brand voice, creating compelling content, and optimizing for social media platforms.",1,0.7765837907791138,QA423,8.5 Social Media in Business,0.7765837907791138,QA422,8.5 Social Media in Business,0.725115954875946,QA420,8.5 Social Media in Business,0.539531946182251,QA424,8.5 Social Media in Business,0.5310010313987732,QA426,8.5 Social Media in Business,0.5307238101959229
QA424,74,6,8.5 Social Media in Business,How can businesses use social media to build a loyal customer base?,"Businesses can use social media to build a loyal customer base by responding to customer feedback, creating content that resonates with customers, and connecting with existing customers.",1,0.8783682584762573,QA424,8.5 Social Media in Business,0.8783682584762573,QA428,8.5 Social Media in Business,0.7404959201812744,QA426,8.5 Social Media in Business,0.724419355392456,QA420,8.5 Social Media in Business,0.7017769813537598,QA422,8.5 Social Media in Business,0.6453554630279541
QA425,74,7,8.5 Social Media in Business,What are the ways businesses can provide exposure to other audiences?,"Businesses can provide exposure to other audiences by creating original content, participating in relevant discussions, and promoting their products or services.",1,0.8832966089248657,QA425,8.5 Social Media in Business,0.8832966089248657,QA420,8.5 Social Media in Business,0.5297205448150635,QA378,7.1 Effective Presentation Skills,0.47033601999282837,QA422,8.5 Social Media in Business,0.4375419616699219,QA426,8.5 Social Media in Business,0.43042999505996704
QA426,74,8,8.5 Social Media in Business,How can businesses use social media to generate more customers?,"Businesses can use social media to generate more customers by reaching new audiences, engaging with existing customers, and making use of customer feedback.",1,0.872801661491394,QA426,8.5 Social Media in Business,0.872801661491394,QA424,8.5 Social Media in Business,0.7955451011657715,QA428,8.5 Social Media in Business,0.7947998046875,QA420,8.5 Social Media in Business,0.7724242210388184,QA422,8.5 Social Media in Business,0.6958014965057373
QA427,74,9,8.5 Social Media in Business,What is the role of customer feedback in social media in business?,The role of customer feedback in social media in business is to provide valuable insights and to help businesses improve their products or services.,1,0.8657907247543335,QA427,8.5 Social Media in Business,0.8657907247543335,QA424,8.5 Social Media in Business,0.684597373008728,QA426,8.5 Social Media in Business,0.6748266220092773,QA428,8.5 Social Media in Business,0.6465370655059814,QA420,8.5 Social Media in Business,0.6200188398361206
QA428,74,10,8.5 Social Media in Business,How can businesses use social media to connect with existing customers?,"Businesses can use social media to connect with existing customers by responding to their feedback, creating content that resonates with them, and promoting their products or services.",1,0.8743686676025391,QA428,8.5 Social Media in Business,0.8743686676025391,QA424,8.5 Social Media in Business,0.7933450937271118,QA420,8.5 Social Media in Business,0.7758402228355408,QA426,8.5 Social Media in Business,0.7726214528083801,QA422,8.5 Social Media in Business,0.6518151164054871
QA429,75,1,9.1 Microsoft Excel Basics,What is a spreadsheet?,A spreadsheet is a type of software that allows you to calculate mathematical equations and design tables that you can use for financial documents and that performs data analysis and mathematical calculations.,1,0.8675476908683777,QA429,9.1 Microsoft Excel Basics,0.8675476908683777,QA029,10.2 More About Formulas,0.7166619300842285,QA438,9.2 Text and Numbers in Microsoft Excel,0.684978723526001,QA463,9.4 Formatting and Templates in Microsoft Excel,0.632384181022644,QA433,9.1 Microsoft Excel Basics,0.6223322153091431
QA430,75,2,9.1 Microsoft Excel Basics,What is the GUI of Excel?,"The GUI of Excel is designed for manipulating the cells of the spreadsheet. The GUI also has a ribbon, which is a wide, multitabbed menu that contains features for customizing and formatting tables.",1,0.8893419504165649,QA430,9.1 Microsoft Excel Basics,0.8893419504165649,QA438,9.2 Text and Numbers in Microsoft Excel,0.6641803979873657,QA431,9.1 Microsoft Excel Basics,0.568484902381897,QA108,12.3 Integrating Microsoft Excel and Accounting Programs,0.5593717098236084,QA065,11.2 Statistical Functions,0.5466713905334473
QA431,75,3,9.1 Microsoft Excel Basics,What is the purpose of the ribbon in Excel?,The purpose of the ribbon in Excel is to provide quick access to common features and tools.,1,0.9337146878242493,QA431,9.1 Microsoft Excel Basics,0.9337146878242493,QA430,9.1 Microsoft Excel Basics,0.5801960229873657,QA442,9.2 Text and Numbers in Microsoft Excel,0.5741696953773499,QA197,2.4 Essentials of Microsoft 365,0.5567808151245117,QA441,9.2 Text and Numbers in Microsoft Excel,0.5550580620765686
QA432,75,4,9.1 Microsoft Excel Basics,What is a workbook in Excel?,A workbook in Excel is a file that contains one or more worksheets.,1,0.8281120657920837,QA432,9.1 Microsoft Excel Basics,0.8281120657920837,QA433,9.1 Microsoft Excel Basics,0.7083696126937866,QA438,9.2 Text and Numbers in Microsoft Excel,0.6699689626693726,QA436,9.1 Microsoft Excel Basics,0.6360814571380615,QA437,9.1 Microsoft Excel Basics,0.6020379066467285
QA433,75,5,9.1 Microsoft Excel Basics,What is a worksheet in Excel?,A worksheet in Excel is a grid of cells that you can use to enter data and formulas.,1,0.8467885255813599,QA433,9.1 Microsoft Excel Basics,0.8467885255813599,QA432,9.1 Microsoft Excel Basics,0.7152324914932251,QA438,9.2 Text and Numbers in Microsoft Excel,0.6644558310508728,QA429,9.1 Microsoft Excel Basics,0.6533077359199524,QA463,9.4 Formatting and Templates in Microsoft Excel,0.6030436754226685
QA434,75,6,9.1 Microsoft Excel Basics,How do you add a new worksheet to a workbook?,You can add a new worksheet to a workbook by clicking on the + next to the sheet tabs found along the bottom of the interface.,1,0.8464056253433228,QA434,9.1 Microsoft Excel Basics,0.8464056253433228,QA437,9.1 Microsoft Excel Basics,0.6048279404640198,QA436,9.1 Microsoft Excel Basics,0.5949414372444153,QA432,9.1 Microsoft Excel Basics,0.5704309940338135,QA433,9.1 Microsoft Excel Basics,0.5153619647026062
QA435,75,7,9.1 Microsoft Excel Basics,What is the Print feature of Excel used for?,The Print feature of Excel allows you to print a single worksheet or the whole workbook.,1,0.8673617243766785,QA435,9.1 Microsoft Excel Basics,0.8673617243766785,QA468,9.5 Google Sheets Basics,0.7474018335342407,QA441,9.2 Text and Numbers in Microsoft Excel,0.655471682548523,QA056,10.6 Advanced Formatting Techniques,0.6504402756690979,QA431,9.1 Microsoft Excel Basics,0.6269482374191284
QA436,75,8,9.1 Microsoft Excel Basics,Can you have a worksheet without a workbook?,"No, you cannot have a worksheet without a workbook.",1,0.9447182416915894,QA436,9.1 Microsoft Excel Basics,0.9447182416915894,QA437,9.1 Microsoft Excel Basics,0.643834114074707,QA432,9.1 Microsoft Excel Basics,0.5882053375244141,QA434,9.1 Microsoft Excel Basics,0.5643858909606934,QA433,9.1 Microsoft Excel Basics,0.5145543813705444
QA437,75,9,9.1 Microsoft Excel Basics,Can you have more than one worksheet in a workbook?,"Yes, you can have more than one worksheet in a workbook.",1,0.9282869696617126,QA437,9.1 Microsoft Excel Basics,0.9282869696617126,QA436,9.1 Microsoft Excel Basics,0.6631641387939453,QA432,9.1 Microsoft Excel Basics,0.6175825595855713,QA434,9.1 Microsoft Excel Basics,0.5988060832023621,QA433,9.1 Microsoft Excel Basics,0.5211456418037415
QA438,76,1,9.2 Text and Numbers in Microsoft Excel,What is Excel used for?,Excel is a powerful tool to manage small to somewhat large sets of data.,1,0.8641098737716675,QA438,9.2 Text and Numbers in Microsoft Excel,0.8641098737716675,QA065,11.2 Statistical Functions,0.7106316685676575,QA104,12.3 Integrating Microsoft Excel and Accounting Programs,0.6775726079940796,QA431,9.1 Microsoft Excel Basics,0.6747732162475586,QA463,9.4 Formatting and Templates in Microsoft Excel,0.6645987629890442
QA439,76,2,9.2 Text and Numbers in Microsoft Excel,What are some examples of data that can be managed in Excel?,Examples include tracking a business's sales or costs or a machine's output.,1,0.8951977491378784,QA439,9.2 Text and Numbers in Microsoft Excel,0.8951977491378784,QA438,9.2 Text and Numbers in Microsoft Excel,0.6812332272529602,QA462,9.4 Formatting and Templates in Microsoft Excel,0.6089731454849243,QA116,13.1 What Is a Database?,0.6018348932266235,QA024,10.1 Data Tables and Ranges,0.5879716277122498
QA440,76,3,9.2 Text and Numbers in Microsoft Excel,How can you format data in Excel to match the contents of the data?,This can be done by formatting a description as text or a cost as accounting.,1,0.8313214778900146,QA440,9.2 Text and Numbers in Microsoft Excel,0.8313214778900146,QA063,"11.1 Understanding Data, Data Validation, and Data Tables",0.5138232707977295,QA062,"11.1 Understanding Data, Data Validation, and Data Tables",0.47966963052749634,QA470,9.6 Text and Numbers in Google Sheets,0.4749722480773926,QA463,9.4 Formatting and Templates in Microsoft Excel,0.4640737771987915
QA441,76,4,9.2 Text and Numbers in Microsoft Excel,What is the purpose of the Page Layout tab in Excel?,The Page Layout tab includes commands to help you format the printed page in a professional manner.,1,0.8980882167816162,QA441,9.2 Text and Numbers in Microsoft Excel,0.8980882167816162,QA431,9.1 Microsoft Excel Basics,0.6149975657463074,QA442,9.2 Text and Numbers in Microsoft Excel,0.5947540402412415,QA473,9.6 Text and Numbers in Google Sheets,0.5797473192214966,QA216,3.2 Formatting Document Layout in Microsoft Word,0.5796723365783691
QA442,76,5,9.2 Text and Numbers in Microsoft Excel,What is the Review tab used for in Excel?,It is especially useful when sharing the spreadsheet for collaboration and ensuring accuracy in spelling and grammar.,1,0.9144163131713867,QA442,9.2 Text and Numbers in Microsoft Excel,0.9144163131713867,QA221,3.4 Collaborative Editing and Reviewing in Microsoft Word,0.7325391173362732,QA431,9.1 Microsoft Excel Basics,0.5787959694862366,QA473,9.6 Text and Numbers in Google Sheets,0.5694164037704468,QA441,9.2 Text and Numbers in Microsoft Excel,0.5653101205825806
QA443,77,1,9.3 Calculations and Basic Formulas in Microsoft Excel,What is the formula syntax in Excel?,The formula syntax in Excel is a set of symbols and operators used to perform calculations and create formulas.,1,0.9075781106948853,QA443,9.3 Calculations and Basic Formulas in Microsoft Excel,0.9075781106948853,QA444,9.3 Calculations and Basic Formulas in Microsoft Excel,0.7047983407974243,QA445,9.3 Calculations and Basic Formulas in Microsoft Excel,0.698045015335083,QA032,10.2 More About Formulas,0.628959059715271,QA041,"10.3 Using Arithmetic, Statistical, and Logical Functions",0.6084733009338379
QA444,77,2,9.3 Calculations and Basic Formulas in Microsoft Excel,What is the function syntax in Excel?,The function syntax in Excel is a set of functions that perform specific tasks and are used to perform calculations.,1,0.9284560084342957,QA444,9.3 Calculations and Basic Formulas in Microsoft Excel,0.9284560084342957,QA443,9.3 Calculations and Basic Formulas in Microsoft Excel,0.7344789505004883,QA445,9.3 Calculations and Basic Formulas in Microsoft Excel,0.734279990196228,QA041,"10.3 Using Arithmetic, Statistical, and Logical Functions",0.6999341249465942,QA034,10.2 More About Formulas,0.6573194265365601
QA445,77,3,9.3 Calculations and Basic Formulas in Microsoft Excel,What is the difference between the formula syntax and the function syntax in Excel?,"The difference between the formula syntax and the function syntax in Excel is that the formula syntax allows direct input of numbers and mathematical operators, while the function syntax uses function names with cell references or ranges in parentheses to calculate.",1,0.9185807704925537,QA445,9.3 Calculations and Basic Formulas in Microsoft Excel,0.9185807704925537,QA444,9.3 Calculations and Basic Formulas in Microsoft Excel,0.8318861722946167,QA443,9.3 Calculations and Basic Formulas in Microsoft Excel,0.8184341788291931,QA041,"10.3 Using Arithmetic, Statistical, and Logical Functions",0.6269168257713318,QA475,9.7 Calculations and Basic Formulas in Google Sheets,0.6234813928604126
QA446,77,4,9.3 Calculations and Basic Formulas in Microsoft Excel,Write a formula to add 5 and 3.,The formula is: 5 + 3,1,0.9251128435134888,QA446,9.3 Calculations and Basic Formulas in Microsoft Excel,0.9251128435134888,QA448,9.3 Calculations and Basic Formulas in Microsoft Excel,0.815034031867981,QA447,9.3 Calculations and Basic Formulas in Microsoft Excel,0.7878624200820923,QA450,9.3 Calculations and Basic Formulas in Microsoft Excel,0.679618239402771,QA452,9.3 Calculations and Basic Formulas in Microsoft Excel,0.666691780090332
QA447,77,5,9.3 Calculations and Basic Formulas in Microsoft Excel,Write a formula to multiply 5 and 3.,The formula is: 5 * 3,1,0.9486268162727356,QA447,9.3 Calculations and Basic Formulas in Microsoft Excel,0.9486268162727356,QA449,9.3 Calculations and Basic Formulas in Microsoft Excel,0.8196315765380859,QA446,9.3 Calculations and Basic Formulas in Microsoft Excel,0.7992734909057617,QA452,9.3 Calculations and Basic Formulas in Microsoft Excel,0.6703631281852722,QA454,9.3 Calculations and Basic Formulas in Microsoft Excel,0.6655145287513733
QA448,77,6,9.3 Calculations and Basic Formulas in Microsoft Excel,Write a function to add 5 and 3.,"The function is: SUM(5,3)",1,0.9079775810241699,QA448,9.3 Calculations and Basic Formulas in Microsoft Excel,0.9079775810241699,QA446,9.3 Calculations and Basic Formulas in Microsoft Excel,0.7879858016967773,QA449,9.3 Calculations and Basic Formulas in Microsoft Excel,0.7039493918418884,QA447,9.3 Calculations and Basic Formulas in Microsoft Excel,0.6513400077819824,QA451,9.3 Calculations and Basic Formulas in Microsoft Excel,0.6451440453529358
QA449,77,7,9.3 Calculations and Basic Formulas in Microsoft Excel,Write a function to multiply 5 and 3.,"The function is: PRODUCT(5,3)",1,0.905846357345581,QA449,9.3 Calculations and Basic Formulas in Microsoft Excel,0.905846357345581,QA447,9.3 Calculations and Basic Formulas in Microsoft Excel,0.8227366805076599,QA448,9.3 Calculations and Basic Formulas in Microsoft Excel,0.7342392206192017,QA446,9.3 Calculations and Basic Formulas in Microsoft Excel,0.6560680866241455,QA451,9.3 Calculations and Basic Formulas in Microsoft Excel,0.5914182066917419
QA450,77,8,9.3 Calculations and Basic Formulas in Microsoft Excel,What is the result of the following formula: (5+3)*2?,The result is: 16,1,0.9330412149429321,QA450,9.3 Calculations and Basic Formulas in Microsoft Excel,0.9330412149429321,QA452,9.3 Calculations and Basic Formulas in Microsoft Excel,0.8906981348991394,QA454,9.3 Calculations and Basic Formulas in Microsoft Excel,0.8004509210586548,QA446,9.3 Calculations and Basic Formulas in Microsoft Excel,0.7464489340782166,QA453,9.3 Calculations and Basic Formulas in Microsoft Excel,0.7453626394271851
QA451,77,9,9.3 Calculations and Basic Formulas in Microsoft Excel,"What is the result of the following function: SUM(5,3)*2?",The result is: 16,1,0.9402945041656494,QA451,9.3 Calculations and Basic Formulas in Microsoft Excel,0.9402945041656494,QA453,9.3 Calculations and Basic Formulas in Microsoft Excel,0.8887214660644531,QA455,9.3 Calculations and Basic Formulas in Microsoft Excel,0.866397500038147,QA448,9.3 Calculations and Basic Formulas in Microsoft Excel,0.7595651149749756,QA452,9.3 Calculations and Basic Formulas in Microsoft Excel,0.7107672691345215
QA452,77,10,9.3 Calculations and Basic Formulas in Microsoft Excel,What is the result of the following formula: (5-3)*2?,The result is: 4,1,0.9547113180160522,QA452,9.3 Calculations and Basic Formulas in Microsoft Excel,0.9547113180160522,QA450,9.3 Calculations and Basic Formulas in Microsoft Excel,0.8732503652572632,QA454,9.3 Calculations and Basic Formulas in Microsoft Excel,0.8406097888946533,QA453,9.3 Calculations and Basic Formulas in Microsoft Excel,0.7664842009544373,QA447,9.3 Calculations and Basic Formulas in Microsoft Excel,0.7005459666252136
QA453,77,11,9.3 Calculations and Basic Formulas in Microsoft Excel,What is the result of the following function: SUM(5-3)*2?,The result is: 8,1,0.9461137652397156,QA453,9.3 Calculations and Basic Formulas in Microsoft Excel,0.9461137652397156,QA451,9.3 Calculations and Basic Formulas in Microsoft Excel,0.8785848021507263,QA455,9.3 Calculations and Basic Formulas in Microsoft Excel,0.8550288677215576,QA452,9.3 Calculations and Basic Formulas in Microsoft Excel,0.7847471237182617,QA450,9.3 Calculations and Basic Formulas in Microsoft Excel,0.7420979738235474
QA454,77,12,9.3 Calculations and Basic Formulas in Microsoft Excel,What is the result of the following formula: (5/3)*2?,The result is: 4,1,0.9581168293952942,QA454,9.3 Calculations and Basic Formulas in Microsoft Excel,0.9581168293952942,QA452,9.3 Calculations and Basic Formulas in Microsoft Excel,0.8316061496734619,QA450,9.3 Calculations and Basic Formulas in Microsoft Excel,0.7768089771270752,QA455,9.3 Calculations and Basic Formulas in Microsoft Excel,0.7681546211242676,QA447,9.3 Calculations and Basic Formulas in Microsoft Excel,0.6943840980529785
QA455,77,13,9.3 Calculations and Basic Formulas in Microsoft Excel,What is the result of the following function: SUM(5/3)*2?,The result is: 4,1,0.9593415260314941,QA455,9.3 Calculations and Basic Formulas in Microsoft Excel,0.9593415260314941,QA453,9.3 Calculations and Basic Formulas in Microsoft Excel,0.847425639629364,QA451,9.3 Calculations and Basic Formulas in Microsoft Excel,0.8364105224609375,QA454,9.3 Calculations and Basic Formulas in Microsoft Excel,0.7643886208534241,QA452,9.3 Calculations and Basic Formulas in Microsoft Excel,0.6715526580810547
QA456,78,1,9.4 Formatting and Templates in Microsoft Excel,What are the benefits of formatting cells in Excel?,"The benefits of formatting cells in Excel include making the data more visible, easier to read, and more appealing to the eye.",1,0.8321025371551514,QA456,9.4 Formatting and Templates in Microsoft Excel,0.8321025371551514,QA058,10.6 Advanced Formatting Techniques,0.657124400138855,QA470,9.6 Text and Numbers in Google Sheets,0.6350624561309814,QA461,9.4 Formatting and Templates in Microsoft Excel,0.5872243642807007,QA056,10.6 Advanced Formatting Techniques,0.5758427381515503
QA457,78,2,9.4 Formatting and Templates in Microsoft Excel,How can you use the Merge Cells command in Excel?,The Merge Cells command in Excel allows you to combine the cells in a worksheet into a single cell.,1,0.8689089417457581,QA457,9.4 Formatting and Templates in Microsoft Excel,0.8689089417457581,QA057,10.6 Advanced Formatting Techniques,0.43154144287109375,QA306,5.2 Mail Merge in Microsoft Word,0.4276916980743408,QA302,5.2 Mail Merge in Microsoft Word,0.4208986163139343,QA041,"10.3 Using Arithmetic, Statistical, and Logical Functions",0.383422315120697
QA458,78,3,9.4 Formatting and Templates in Microsoft Excel,What is the purpose of the Wrap Text command?,The Wrap Text command in Excel allows you to control the text wrapping within a cell.,1,0.8617581129074097,QA458,9.4 Formatting and Templates in Microsoft Excel,0.8617581129074097,QA263,4.2 Working with Graphics and Text Tools in Microsoft Word,0.430229514837265,QA269,4.3 Managing Long Documents in Microsoft Word,0.3584386706352234,QA287,4.6 Managing Long Documents in Google Docs,0.35195720195770264,QA289,4.6 Managing Long Documents in Google Docs,0.34046563506126404
QA459,78,4,9.4 Formatting and Templates in Microsoft Excel,What are the steps to hide columns or rows in Excel?,"To hide columns or rows in Excel, select the cells you want to hide, click on the 'Page Layout' tab, and then click 'Hide'.",1,0.8806854486465454,QA459,9.4 Formatting and Templates in Microsoft Excel,0.8806854486465454,QA484,9.8 Formatting and Templates in Google Sheets,0.6661049127578735,QA483,9.8 Formatting and Templates in Google Sheets,0.4503917694091797,QA063,"11.1 Understanding Data, Data Validation, and Data Tables",0.41441911458969116,QA460,9.4 Formatting and Templates in Microsoft Excel,0.41228199005126953
QA460,78,5,9.4 Formatting and Templates in Microsoft Excel,What is the purpose of Freezing Panes in Excel?,Freezing Panes in Excel keeps the information visible when navigating large spreadsheets by freezing a specific number of rows and columns at the top and left of the worksheet.,1,0.9286423325538635,QA460,9.4 Formatting and Templates in Microsoft Excel,0.9286423325538635,QA065,11.2 Statistical Functions,0.5062453746795654,QA438,9.2 Text and Numbers in Microsoft Excel,0.4977816045284271,QA063,"11.1 Understanding Data, Data Validation, and Data Tables",0.48168468475341797,QA431,9.1 Microsoft Excel Basics,0.4701128602027893
QA461,78,6,9.4 Formatting and Templates in Microsoft Excel,What is the purpose of Conditional Formatting in Excel?,Conditional Formatting in Excel identifies trends in the data or highlights values that are inside or outside a certain range.,1,0.872782826423645,QA461,9.4 Formatting and Templates in Microsoft Excel,0.872782826423645,QA485,9.8 Formatting and Templates in Google Sheets,0.6585801839828491,QA056,10.6 Advanced Formatting Techniques,0.639656126499176,QA034,10.2 More About Formulas,0.6153594255447388,QA456,9.4 Formatting and Templates in Microsoft Excel,0.5733894109725952
QA462,78,7,9.4 Formatting and Templates in Microsoft Excel,What are some templates available in Excel for different uses?,"Templates available in Excel for different uses include invoicing, sales reports, budgeting, and more.",1,0.9122238159179688,QA462,9.4 Formatting and Templates in Microsoft Excel,0.9122238159179688,QA463,9.4 Formatting and Templates in Microsoft Excel,0.6217230558395386,QA486,9.8 Formatting and Templates in Google Sheets,0.6150087118148804,QA438,9.2 Text and Numbers in Microsoft Excel,0.534144937992096,QA439,9.2 Text and Numbers in Microsoft Excel,0.5245927572250366
QA463,78,8,9.4 Formatting and Templates in Microsoft Excel,How can you use Excel to create professional-looking spreadsheets?,"Excel can be used to create professional-looking spreadsheets by formatting cells, using templates, and adjusting the information in the cells.",1,0.8756684064865112,QA463,9.4 Formatting and Templates in Microsoft Excel,0.8756684064865112,QA438,9.2 Text and Numbers in Microsoft Excel,0.6164443492889404,QA429,9.1 Microsoft Excel Basics,0.607650101184845,QA464,9.4 Formatting and Templates in Microsoft Excel,0.5621997714042664,QA029,10.2 More About Formulas,0.5488421320915222
QA464,78,9,9.4 Formatting and Templates in Microsoft Excel,What are some ways to enhance the readability and visual appeal of a spreadsheet in Excel?,"Ways to enhance the readability and visual appeal of a spreadsheet in Excel include using colors, fonts, and borders to format cells, using Merge Cells and Wrap Text to adjust the information in the cells, and hiding columns or rows to make a more manageable worksheet.",1,0.887894868850708,QA464,9.4 Formatting and Templates in Microsoft Excel,0.887894868850708,QA463,9.4 Formatting and Templates in Microsoft Excel,0.6249943971633911,QA456,9.4 Formatting and Templates in Microsoft Excel,0.5424119830131531,QA484,9.8 Formatting and Templates in Google Sheets,0.5230259299278259,QA482,9.8 Formatting and Templates in Google Sheets,0.5013861656188965
QA465,79,1,9.5 Google Sheets Basics,What is the main difference between Google Sheets and Excel?,"Google Sheets serves many of the same purposes as Excel, but some of its tools are limited, compared with Excel. Many of the features are the same as or similar to Excel.",1,0.8162260055541992,QA465,9.5 Google Sheets Basics,0.8162260055541992,QA482,9.8 Formatting and Templates in Google Sheets,0.761008620262146,QA473,9.6 Text and Numbers in Google Sheets,0.7027248740196228,QA438,9.2 Text and Numbers in Microsoft Excel,0.6328511238098145,QA475,9.7 Calculations and Basic Formulas in Google Sheets,0.6320523023605347
QA466,79,2,9.5 Google Sheets Basics,What is the action bar in Google Sheets called?,"The action bar in Google Sheets is called the action bar. It is just one row of commands, unlike the wider Microsoft Office ribbon, with menus that are essentially the same as the tools in Excel, but the action bar also includes a row of buttons for frequently used commands.",1,0.8971431255340576,QA466,9.5 Google Sheets Basics,0.8971431255340576,QA431,9.1 Microsoft Excel Basics,0.5342211723327637,QA369,6.6 Creating Google Slides: Layout and Text,0.519586443901062,QA234,3.7 Formatting Layout and Content in Google Docs,0.5098298192024231,QA430,9.1 Microsoft Excel Basics,0.5003513097763062
QA467,79,3,9.5 Google Sheets Basics,How is the process of creating a worksheet and formatting cells in an existing worksheet in Sheets similar to that of Excel?,"The process of creating a worksheet and formatting cells in an existing worksheet in Sheets is similar to that of Excel, with drop-down menus for common commands.",1,0.8622084856033325,QA467,9.5 Google Sheets Basics,0.8622084856033325,QA470,9.6 Text and Numbers in Google Sheets,0.6804044246673584,QA463,9.4 Formatting and Templates in Microsoft Excel,0.5655497908592224,QA468,9.5 Google Sheets Basics,0.5649013519287109,QA433,9.1 Microsoft Excel Basics,0.5632295608520508
QA468,79,4,9.5 Google Sheets Basics,How is printing in Sheets similar to printing in Excel?,Printing in Sheets is similar to printing in Excel.,1,0.9505211710929871,QA468,9.5 Google Sheets Basics,0.9505211710929871,QA435,9.1 Microsoft Excel Basics,0.7232967615127563,QA470,9.6 Text and Numbers in Google Sheets,0.5931848287582397,QA473,9.6 Text and Numbers in Google Sheets,0.5753209590911865,QA482,9.8 Formatting and Templates in Google Sheets,0.5612737536430359
QA469,80,1,9.6 Text and Numbers in Google Sheets,What is the purpose of the copy-and-paste function in Google Sheets?,The copy-and-paste function in Google Sheets allows the user to use the structure of an existing table to create a new one.,1,0.8883419036865234,QA469,9.6 Text and Numbers in Google Sheets,0.8883419036865234,QA057,10.6 Advanced Formatting Techniques,0.747984766960144,QA058,10.6 Advanced Formatting Techniques,0.5962948799133301,QA431,9.1 Microsoft Excel Basics,0.5544096231460571,QA056,10.6 Advanced Formatting Techniques,0.5454351902008057
QA470,80,2,9.6 Text and Numbers in Google Sheets,How does the formatting of cells in Sheets work compared to Excel?,"In Sheets, cells are automatically formatted based on their contents. For example, if you add text, Sheets will format it as text. If you add a number, Sheets will format it as a number.",1,0.8451164960861206,QA470,9.6 Text and Numbers in Google Sheets,0.8451164960861206,QA468,9.5 Google Sheets Basics,0.6562892198562622,QA456,9.4 Formatting and Templates in Microsoft Excel,0.6483751535415649,QA467,9.5 Google Sheets Basics,0.6291264891624451,QA056,10.6 Advanced Formatting Techniques,0.6196208596229553
QA471,80,3,9.6 Text and Numbers in Google Sheets,What is the process of creating a new table in Google Sheets?,"To create a new table in Google Sheets, first create header rows and then format the cells below it based on their contents. You can then add text or numbers, and Sheets will automatically format them based on the type of data.",1,0.8081984519958496,QA471,9.6 Text and Numbers in Google Sheets,0.8081984519958496,QA284,4.5 Working with Graphics and Text Tools in Google Docs,0.6671149730682373,QA469,9.6 Text and Numbers in Google Sheets,0.5337387323379517,QA467,9.5 Google Sheets Basics,0.5121614336967468,QA260,4.2 Working with Graphics and Text Tools in Microsoft Word,0.5013372898101807
QA472,80,4,9.6 Text and Numbers in Google Sheets,What is the difference between basic graphs and other types of graphs in Sheets?,"Basic graphs in Sheets are created by selecting the data for analysis and then inserting a graph. The type of graph is determined by Sheets based on the type of data. You can change the graph type using the sidebar. Other types of graphs may include bar graphs, pie charts, and line graphs.",1,0.9057396650314331,QA472,9.6 Text and Numbers in Google Sheets,0.9057396650314331,QA473,9.6 Text and Numbers in Google Sheets,0.5317257046699524,QA084,11.5 Data Analysis Charts,0.5271268486976624,QA468,9.5 Google Sheets Basics,0.5199832320213318,QA475,9.7 Calculations and Basic Formulas in Google Sheets,0.51725834608078
QA473,80,5,9.6 Text and Numbers in Google Sheets,How does Sheets differ from Excel in terms of page layout and review features?,"Sheets has many of the same page layout and review features as Excel, but the major difference is the location of the tools in the interface. In Sheets, the tools are located in the sidebar, while in Excel they are located in the top menu.",1,0.9006699323654175,QA473,9.6 Text and Numbers in Google Sheets,0.9006699323654175,QA468,9.5 Google Sheets Basics,0.6339754462242126,QA441,9.2 Text and Numbers in Microsoft Excel,0.6325920224189758,QA442,9.2 Text and Numbers in Microsoft Excel,0.5950093269348145,QA482,9.8 Formatting and Templates in Google Sheets,0.5900031328201294
QA474,81,1,9.7 Calculations and Basic Formulas in Google Sheets,What are the mathematical operators in Google Sheets?,"Mathematical operators in Google Sheets include addition (+), subtraction (-), multiplication (*), division (/), and modulus (%).",1,0.851974606513977,QA474,9.7 Calculations and Basic Formulas in Google Sheets,0.851974606513977,QA476,9.7 Calculations and Basic Formulas in Google Sheets,0.6891019940376282,QA443,9.3 Calculations and Basic Formulas in Microsoft Excel,0.6531487703323364,QA039,"10.3 Using Arithmetic, Statistical, and Logical Functions",0.6203143000602722,QA475,9.7 Calculations and Basic Formulas in Google Sheets,0.6083002090454102
QA475,81,2,9.7 Calculations and Basic Formulas in Google Sheets,What are the functions in Google Sheets that are different from Excel?,"Google Sheets has functions such as SUM, AVERAGE, COUNT, MIN, MAX, etc., that are different from Excel. These include MINUS and DIVIDE.",1,0.8360012769699097,QA475,9.7 Calculations and Basic Formulas in Google Sheets,0.8360012769699097,QA444,9.3 Calculations and Basic Formulas in Microsoft Excel,0.6834129691123962,QA065,11.2 Statistical Functions,0.6398497223854065,QA041,"10.3 Using Arithmetic, Statistical, and Logical Functions",0.6371337175369263,QA039,"10.3 Using Arithmetic, Statistical, and Logical Functions",0.6364278197288513
QA476,81,3,9.7 Calculations and Basic Formulas in Google Sheets,"How do you perform addition, subtraction, multiplication, and division in Google Sheets?","In Google Sheets, mathematical calculations can be performed using formulas, mathematical operators, and functions. For example, to add 2 and 3, you would use the formula ""=2+3"".",1,0.8957626223564148,QA476,9.7 Calculations and Basic Formulas in Google Sheets,0.8957626223564148,QA039,"10.3 Using Arithmetic, Statistical, and Logical Functions",0.7688045501708984,QA474,9.7 Calculations and Basic Formulas in Google Sheets,0.7019069194793701,QA478,9.7 Calculations and Basic Formulas in Google Sheets,0.6551200151443481,QA475,9.7 Calculations and Basic Formulas in Google Sheets,0.6037652492523193
QA477,81,4,9.7 Calculations and Basic Formulas in Google Sheets,What is the difference between the SUM function and the SUMIF function?,"The SUM function adds all the numbers in a range, while the SUMIF function adds the numbers in a range that meet a specified condition.",1,0.9068776369094849,QA477,9.7 Calculations and Basic Formulas in Google Sheets,0.9068776369094849,QA481,9.7 Calculations and Basic Formulas in Google Sheets,0.610713005065918,QA475,9.7 Calculations and Basic Formulas in Google Sheets,0.4573976993560791,QA445,9.3 Calculations and Basic Formulas in Microsoft Excel,0.4567272365093231,QA479,9.7 Calculations and Basic Formulas in Google Sheets,0.4332190752029419
QA478,81,5,9.7 Calculations and Basic Formulas in Google Sheets,How do you use the MINUS and DIVIDE functions in Google Sheets?,"To use the MINUS and DIVIDE functions in Google Sheets, you would use the syntax ""=MINUS(number1, number2)"" and ""=DIVIDE(number1, number2)"", respectively.",1,0.8867754340171814,QA478,9.7 Calculations and Basic Formulas in Google Sheets,0.8867754340171814,QA476,9.7 Calculations and Basic Formulas in Google Sheets,0.6486923098564148,QA474,9.7 Calculations and Basic Formulas in Google Sheets,0.63881915807724,QA475,9.7 Calculations and Basic Formulas in Google Sheets,0.6341049671173096,QA039,"10.3 Using Arithmetic, Statistical, and Logical Functions",0.6144392490386963
QA479,81,6,9.7 Calculations and Basic Formulas in Google Sheets,What is the purpose of the AVERAGE function in Google Sheets?,The AVERAGE function calculates the average (arithmetic mean) of the numbers in a range.,1,0.8809689283370972,QA479,9.7 Calculations and Basic Formulas in Google Sheets,0.8809689283370972,QA040,"10.3 Using Arithmetic, Statistical, and Logical Functions",0.5712698698043823,QA475,9.7 Calculations and Basic Formulas in Google Sheets,0.5603245496749878,QA065,11.2 Statistical Functions,0.5531017780303955,QA069,11.2 Statistical Functions,0.5451950430870056
QA480,81,7,9.7 Calculations and Basic Formulas in Google Sheets,How do you calculate the square root of a number in Google Sheets?,"To calculate the square root of a number in Google Sheets, you would use the SQRT function, like ""=SQRT(number)"".",1,0.8407092690467834,QA480,9.7 Calculations and Basic Formulas in Google Sheets,0.8407092690467834,QA476,9.7 Calculations and Basic Formulas in Google Sheets,0.420592725276947,QA039,"10.3 Using Arithmetic, Statistical, and Logical Functions",0.41639095544815063,QA443,9.3 Calculations and Basic Formulas in Microsoft Excel,0.4028747081756592,QA474,9.7 Calculations and Basic Formulas in Google Sheets,0.36414816975593567
QA481,81,8,9.7 Calculations and Basic Formulas in Google Sheets,What is the difference between the COUNT function and the COUNTIF function?,"The COUNT function counts the number of cells that contain numbers in a range, while the COUNTIF function counts the number of cells in a range that meet a specified condition.",1,0.8882113695144653,QA481,9.7 Calculations and Basic Formulas in Google Sheets,0.8882113695144653,QA477,9.7 Calculations and Basic Formulas in Google Sheets,0.6659929752349854,QA445,9.3 Calculations and Basic Formulas in Microsoft Excel,0.4425153434276581,QA475,9.7 Calculations and Basic Formulas in Google Sheets,0.40483739972114563,QA040,"10.3 Using Arithmetic, Statistical, and Logical Functions",0.37796729803085327
QA482,82,1,9.8 Formatting and Templates in Google Sheets,What are the similarities between Google Sheets and Excel?,"Google Sheets has many of the same formatting functionalities as Excel, such as colors, fonts, borders, text wrapping, and merging cells.",1,0.8141899108886719,QA482,9.8 Formatting and Templates in Google Sheets,0.8141899108886719,QA465,9.5 Google Sheets Basics,0.7508033514022827,QA473,9.6 Text and Numbers in Google Sheets,0.6861824989318848,QA468,9.5 Google Sheets Basics,0.6521564722061157,QA438,9.2 Text and Numbers in Microsoft Excel,0.6156207323074341
QA483,82,2,9.8 Formatting and Templates in Google Sheets,How can you design professional column and row headers in Google Sheets?,"you can design professional column and row headers in Google Sheets by selecting the cells you want to format, clicking on the ""Format"" drop-down menu, and then selecting ""Custom"" or ""Number"" under the ""Number"" section.",1,0.8859997391700745,QA483,9.8 Formatting and Templates in Google Sheets,0.8859997391700745,QA463,9.4 Formatting and Templates in Microsoft Excel,0.522003710269928,QA471,9.6 Text and Numbers in Google Sheets,0.4988657236099243,QA063,"11.1 Understanding Data, Data Validation, and Data Tables",0.4406895637512207,QA459,9.4 Formatting and Templates in Microsoft Excel,0.42581939697265625
QA484,82,3,9.8 Formatting and Templates in Google Sheets,How can you simplify a worksheet in Google Sheets to make it easier to use?,"You can simplify a worksheet in Google Sheets to make it easier to use by hiding and unhiding columns or rows. This can be done by clicking on the ""View"" tab, selecting ""Show/hide gridlines"", and then clicking on the ""Hide"" button next to the columns or rows you want to hide.",1,0.7743862867355347,QA484,9.8 Formatting and Templates in Google Sheets,0.7743862867355347,QA433,9.1 Microsoft Excel Basics,0.5186882019042969,QA026,10.1 Data Tables and Ranges,0.5161927938461304,QA464,9.4 Formatting and Templates in Microsoft Excel,0.47798535227775574,QA467,9.5 Google Sheets Basics,0.4552513360977173
QA485,82,4,9.8 Formatting and Templates in Google Sheets,What is the difference between conditional formatting in Google Sheets and Excel?,"The main difference between conditional formatting in Google Sheets and Excel is that Google Sheets allows for more customization and flexibility. In Excel, conditional formatting is applied to a single cell or range of cells. In Google Sheets, you can apply conditional formatting to a single cell, a range of cells, or an entire column or row.",1,0.8493558168411255,QA485,9.8 Formatting and Templates in Google Sheets,0.8493558168411255,QA461,9.4 Formatting and Templates in Microsoft Excel,0.7686477899551392,QA470,9.6 Text and Numbers in Google Sheets,0.6572333574295044,QA482,9.8 Formatting and Templates in Google Sheets,0.6043457984924316,QA056,10.6 Advanced Formatting Techniques,0.5805701017379761
QA486,82,5,9.8 Formatting and Templates in Google Sheets,How can you find additional templates in Google Sheets?,"You can find additional templates in Google Sheets by searching among only those publicly available templates. This can be done by clicking on the ""File"" tab, selecting ""Templates"", and then searching for the template you are looking for.",1,0.8903355598449707,QA486,9.8 Formatting and Templates in Google Sheets,0.8903355598449707,QA462,9.4 Formatting and Templates in Microsoft Excel,0.6614982485771179,QA317,5.4 Creating Different Document Types in Google Docs,0.4470897316932678,QA339,6.2 Designing a Presentation in Microsoft PowerPoint,0.4143630862236023,QA434,9.1 Microsoft Excel Basics,0.412108451128006
